Soil Order,Mineralogy Class,Texture Class,Genetic Horizons,Soil Depth,pH 1:5 W,pH 1:5 CaCl2,pH 1:1 W,pH 1:2 CaCl2,Extractable Acidity,CEC,CEC Sum Bases,EC 1:2 W
,,Fine Loamy,A,30,5.09,4.74,4.88,4.69,36.9884091,25.1521145,4.8,0.348
,,Clayey,A,60,5.19,4.77,5.28,5.13,24.1982961,14.054727,1.8,0.348
,,Clayey,B,100,5.35,5,5.51,5.52,18.1493716,10.420673,2,0.348
,,Clayey,B,200,5.25,5.04,5.5,5.63,18.4385545,8.6713687,0.8,0.348
,,Fine Loamy,A,200,5.32,5.17,5.57,5.78,18.0760587,7.128437,0.7,0.348
,,Fine Loamy,B,350,5.38,5.21,5.87,5.73,17.876017,8.3341662,0.9,0.348
ALFISOLS,,Coarse Loamy,A,15,6.39,6.13,5.42,4.87,3.0485378,3.9050031,2.2,0.049
ALFISOLS,,Coarse Loamy,A,60,6.29,5.7,5.54,4.8,2.1345647,2.3847395,1.7,0.049
ALFISOLS,,Clayey,B,100,6.43,5.46,6.14,5.29,8.0094225,14.7726668,11.8,0.049
ALFISOLS,,Fine Loamy,B,200,6.31,5.21,5.42,4.85,5.4066193,13.039624,10.5,0.049
ALFISOLS,,Fine Loamy,C,200,6.68,5.41,5.79,5.3,2.1354844,10.3107343,9.1,0.049
ALFISOLS,,Fine Loamy,C,200,7.66,5.63,6.37,5.89,1.6408141,9.2284731,9.1,0.049
ALFISOLS,kaolinitic,Fine Loamy,A,15,6.01,5.37,6.04,5.3,10.237572,11.091155,7.4,0.049
ALFISOLS,kaolinitic,Clayey,B,60,5.94,5.38,5.87,5.37,9.8555338,13.2860342,7.2,0.049
ALFISOLS,kaolinitic,Clayey,B,100,5.99,5.35,6.27,5.43,10.6270342,11.154405,7.3,0.049
ALFISOLS,kaolinitic,Clayey,B,200,5.99,5.44,6.15,5.45,10.6485716,12.1012913,7.9,0.049
ALFISOLS,kaolinitic,Clayey,B,200,5.94,5.36,5.83,5.25,10.7552354,11.6136852,7.9,0.049
ALFISOLS,kaolinitic,Clayey,B,200,6.02,5.32,4.58,5.22,9.9378943,9.6060503,6.9,0.049
ALFISOLS,kaolinitic,Clayey,B,200,5.93,5.29,5.88,5.25,7.8189558,8.9266967,6.6,0.049
ALFISOLS,kaolinitic,Fine Silty,B,100,5.2,4.33,5.26,4.47,7.0637967,5.3020894,2.7,0.049
ALFISOLS,kaolinitic,Clayey,B,200,4.78,3.93,4.98,4.13,10.4196853,7.8655165,3.3,0.049
ALFISOLS,kaolinitic,Fine Silty,B,100,6.14,5.17,6.34,5.79,6.269194,7.2239436,5.9,0.049
ALFISOLS,kaolinitic,Fine Silty,B,200,5.7,4.96,5.6,4.83,6.3024346,7.9916332,5.1,0.049
ALFISOLS,kaolinitic,Clayey,B,200,5.62,4.95,5.59,4.93,8.0692088,11.97586,9.6,0.049
ALFISOLS,kaolinitic,Fine Silty,B,60,6.14,5.27,6.4,5.86,6.5030022,7.2172465,6.2,0.049
ALFISOLS,kaolinitic,Fine Silty,B,100,6.32,5.45,6.68,6.09,4.2315413,6.4666473,5.8,0.049
ALFISOLS,kaolinitic,Fine Loamy,B,200,6.24,5.51,6.58,6.01,4.279154,6.7585499,5.4,0.049
ALFISOLS,kaolinitic,Clayey,B,200,6.21,5.55,6.52,6,4.521668,6.5727914,5.8,0.049
ALFISOLS,kaolinitic,Clayey,B,350,6.12,5.43,5.85,5.42,7.3952276,8.2821102,6.8,0.049
ALFISOLS,kaolinitic,Clayey,B,200,4.85,4.57,5.01,4.64,12.742968,17.1383751,12.3,0.049
ALFISOLS,kaolinitic,Clayey,A,15,5.58,5.09,5.86,5.16,38.872968,33.3705217,15.8,0.049
ALFISOLS,kaolinitic,Clayey,A,60,5.78,5.08,6.24,5.31,25.9678435,26.4766611,12.8,0.049
ALFISOLS,kaolinitic,Fine Loamy,B,100,6.09,5.37,6.55,5.6,20.558695,23.659242,11.8,0.049
ALFISOLS,kaolinitic,Fine Loamy,B,100,6.11,5.57,6.64,5.7,18.5501627,21.844286,11,0.049
ALFISOLS,kaolinitic,Fine Loamy,B,200,6.08,5.53,6.56,5.71,18.6923368,21.1494683,10.8,0.049
ALFISOLS,kaolinitic,Clayey,B,100,4.72,3.85,4.72,3.85,24.598367,23.9705726,4.8,0.049
ALFISOLS,kaolinitic,Clayey,B,200,4.66,3.72,4.71,3.78,25.6612706,25.5740668,5,0.049
ALFISOLS,kaolinitic,Sandy,A,15,6.33,5.57,6.19,5.46,1.3368102,1.9875463,2.2,0.049
ALFISOLS,kaolinitic,Coarse Loamy,B,100,6.18,5.63,6.03,5.55,2.0237265,2.3972593,2,0.049
ALFISOLS,kaolinitic,Fine Loamy,B,200,5.12,4.82,4.86,4.29,3.9813968,4.0655069,2.1,0.049
ALFISOLS,kaolinitic,Fine Loamy,B,200,4.77,4.57,5.06,4.39,4.2627053,4.608854,2.6,0.049
ALFISOLS,kaolinitic,Fine Loamy,B,350,5.19,4.75,5.28,4.65,3.1018041,3.84128,2.6,0.049
ALFISOLS,mixed,Coarse Loamy,C,200,5.38,4.34,5.52,4.47,7.5120629,6.9159627,2.7,0.049
ALFISOLS,mixed,Fine Silty,B,100,6.09,5,6.93,6.21,3.884,5.0971814,4.4,0.049
ALFISOLS,mixed,Clayey,B,350,5.37,4.57,4.89,4.35,15.3538069,14.7121882,7.9,0.049
ALFISOLS,mixed,Fine Silty,B,200,5.15,4.56,5.09,4.44,9.2376499,7.7292556,4.2,0.049
ALFISOLS,mixed,Clayey,B,350,5.09,4.74,5.15,4.89,14.1047551,24.3056989,19.1,0.049
ALFISOLS,mixed,Fine Loamy,B,60,6.39,5.36,6.79,6.12,3.6877289,6.8055265,7.6,0.049
ALFISOLS,mixed,Fine Loamy,B,100,5.54,5.53,6.88,6.15,3.7882746,7.0900052,7.8,0.049
ALFISOLS,mixed,Fine Loamy,B,100,6.68,5.58,6.89,6.14,2.8200907,5.7095716,6.3,0.049
ALFISOLS,mixed,Fine Loamy,B,200,6.72,5.59,6.96,6.18,3.3991122,6.3097038,7.1,0.049
ALFISOLS,mixed,Fine Loamy,B,200,6.84,5.67,7.04,6.21,3.0229055,9.1172153,9.1,0.049
ALFISOLS,mixed,Fine Silty,B,30,5.85,4.79,5.58,4.77,13.145744,17.6490049,13.9,0.049
ALFISOLS,mixed,Clayey,B,60,5.4,4.1,5.02,4.2,16.1560517,16.9946325,8.9,0.049
ALFISOLS,mixed,Clayey,B,100,5.5,4.3,5.01,4.36,12.6561475,14.7240616,12,0.049
ALFISOLS,mixed,Coarse Loamy,A,15,4.2,3.9,4.18,3.52,40.763935,19.9692555,4.2,0.049
ALFISOLS,mixed,Coarse Loamy,B,30,4.24,3.92,4.33,3.79,15.2602714,8.5956962,0.5,0.049
ALFISOLS,mixed,Coarse Loamy,B,100,4.42,4,4.51,3.83,6.3228144,4.7852987,0.3,0.049
ALFISOLS,mixed,Coarse Loamy,B,200,4.67,4.06,4.82,4.03,4.3675634,5.564286,3.9,0.049
ALFISOLS,mixed,Fine Loamy,B,200,4.99,4.22,4.79,4.12,3.1640328,5.8063439,6,0.049
ALFISOLS,mixed,Coarse Loamy,B,200,5.17,4.44,5.25,4.4,3.3328554,5.2825685,5.8,0.049
ALFISOLS,mixed,Fine Loamy,B,60,6.25,6.17,5.27,4.72,8.7981748,5.6746743,4.4,0.049
ALFISOLS,mixed,Fine Loamy,B,60,6.27,5.96,5.77,5.17,8.1595072,5.5197758,4.8,0.049
ALFISOLS,mixed,Sandy,A,60,6.48,5.93,6.17,5.64,2.0579494,2.1137964,2.2,0.049
ALFISOLS,mixed,Sandy,A,60,7.09,6.09,7.05,6.22,2.5394269,2.5735937,2.6,0.049
ALFISOLS,mixed,Clayey,B,200,6.99,6.05,7.02,6.29,6.1943983,14.6824901,15.3,0.049
ALFISOLS,mixed,Clayey,B,200,7.01,6.09,7.15,6.41,1.5276257,14.6765491,15.9,0.049
ALFISOLS,mixed,Coarse Loamy,A,15,5.95,5.01,6.09,5.5,6.921445,16.5987927,14.1,0.049
ALFISOLS,mixed,Coarse Loamy,A,15,4.74,4.24,4.99,4.19,24.3748827,24.0988264,9.2,0.049
ALFISOLS,mixed,Sandy,C,350,6.26,5.81,6.47,5.79,1.0830762,4.0584969,4,0.049
ALFISOLS,mixed,Coarse Loamy,A,15,6.57,5.75,6.58,6.065,3.2545062,7.5354051,8.1,0.049
ALFISOLS,mixed,Coarse Loamy,A,30,6.67,5.923,6.68,6.19,4.6532678,7.4753936,8.7,0.049
ALFISOLS,mixed,Coarse Loamy,A,60,5.05,4.65,4.99,4.8,,,,0.049
ALFISOLS,mixed,Coarse Loamy,C,350,8.23,7.1,7.86,7.82,,1.005573,,0.049
ALFISOLS,mixed,Coarse Loamy,A,15,4.47,4.11,4.8,4.12,9.130211,10.40953,6.7,0.049
ALFISOLS,mixed,Coarse Loamy,A,30,5.01,4.38,4.89,4.27,6.220014,8.810901,5.8,0.049
ALFISOLS,mixed,Coarse Loamy,A,60,5.67,4.73,5.4,4.62,4.614719,11.62698,7.9,0.049
ALFISOLS,smectitic,Coarse Loamy,C,200,8.65,7.88,8.17,7.68,,4.080497,,0.049
ALFISOLS,smectitic,Coarse Loamy,C,350,8.77,7.91,8.43,7.26,,3.395142,,0.049
ANDISOLS,,Coarse Loamy,C,60,5.38,5.04,6.13,4.98,10.2554808,4.8434993,1.1,0.415
ANDISOLS,,Coarse Loamy,B,100,5.31,5.02,6.21,5.21,16.9804533,7.1728334,0.7,0.415
ANDISOLS,,Coarse Loamy,B,100,5.32,5.23,6.45,5.42,12.1531643,6.2646644,0.4,0.415
ANDISOLS,,Sandy,B,200,5.33,5.37,6.51,5.55,11.3887413,3.7536143,0.2,0.415
ANDISOLS,,Coarse Loamy,B,350,5.52,5.45,6.75,5.68,7.3351946,2.8293941,0.2,0.415
ANDISOLS,amorphic,Coarse Loamy,A,15,6.01,5.54,6.64,5.8,79.0694233,49.0330289,30.5,0.415
ANDISOLS,amorphic,Coarse Loamy,A,30,6.2,5.75,6.77,5.93,46.7339643,33.2786487,11.1,0.415
ANDISOLS,amorphic,Coarse Loamy,B,60,6.24,5.87,6.95,6.03,41.5338627,30.6864946,10.9,0.415
ANDISOLS,amorphic,Coarse Loamy,B,100,6.22,5.77,7.06,6.09,40.1223113,27.1335773,10.8,0.415
ANDISOLS,amorphic,Coarse Loamy,B,200,6.28,5.84,7.03,6.05,37.4906798,27.367318,8.2,0.415
ANDISOLS,amorphic,Coarse Loamy,B,200,6.23,5.78,7.18,6.03,40.5077149,29.6994655,8.3,0.415
ANDISOLS,amorphic,Coarse Loamy,B,200,6.19,5.72,7.22,5.84,44.6522669,31.1196461,8.3,0.415
ANDISOLS,amorphic,Coarse Loamy,B,200,6.12,5.71,6.78,5.72,50.1400766,29.0525325,2.6,0.415
ANDISOLS,amorphic,Coarse Loamy,A,30,5.89,5.53,6.01,5.74,60.562922,40.4629124,29.6,0.415
ANDISOLS,amorphic,Coarse Loamy,B,60,5.96,5.51,5.91,5.57,75.9042114,38.1271774,6.5,0.415
ANDISOLS,amorphic,Sandy,B,100,5.76,5.62,5.89,5.72,64.4168623,28.3076884,4.9,0.415
ANDISOLS,amorphic,Sandy,B,200,5.74,5.55,6.09,5.71,75.4593629,36.0707577,4.9,0.415
ANDISOLS,amorphic,Sandy,B,200,5.66,5.53,6.06,5.66,64.0367734,33.5900717,4.3,0.415
ANDISOLS,amorphic,Sandy,A,30,6.01,5.27,5.92,5.74,20.854466,22.4851137,13.7,0.415
ANDISOLS,amorphic,Coarse Loamy,B,60,6.56,5.79,6.3,6.11,16.9442795,22.8750936,17.3,0.415
ANDISOLS,amorphic,Coarse Loamy,B,100,6.67,5.88,6.61,6.45,16.4399694,23.0936025,17.5,0.415
ANDISOLS,amorphic,Sandy,B,200,6.6,6.38,6.64,6.46,18.468716,23.3187782,17.1,0.415
ANDISOLS,amorphic,Coarse Loamy,B,200,6.61,6.29,6.63,6.45,23.862163,31.5932264,24.2,0.415
ANDISOLS,amorphic,Sandy,C,200,5.41,5.53,6.34,5.69,25.76746,12.2889853,0.4,0.415
ANDISOLS,glassy,Coarse Loamy,A,15,5.58,4.95,5.59,5.06,22.528601,16.3392073,7,0.415
ANDISOLS,glassy,Coarse Loamy,A,60,5.22,4.69,6,6.06,25.4822539,14.9120487,5.1,0.415
ANDISOLS,glassy,Coarse Loamy,A,100,5.46,4.83,5.56,5.25,23.5113344,13.1687834,4,0.415
ANDISOLS,glassy,Coarse Loamy,A,200,5.49,4.8,5.53,5.16,51.6820961,22.1514352,6.7,0.415
ANDISOLS,glassy,Sandy,A,200,5.7,5.13,5.77,5.54,19.8631218,10.1666032,3.1,0.415
ANDISOLS,glassy,Sandy,A,200,5.87,5.27,5.97,5.76,19.0820025,10.4137696,4.4,0.415
ANDISOLS,glassy over amorphic,Sandy,B,200,5.94,5.83,6.38,5.65,9.97935,4.1190132,0.2,0.415
ANDISOLS,glassy over amorphic,Sandy,B,200,5.85,5.4,6.45,5.47,18.6992043,8.7573332,1.5,0.415
ANDISOLS,glassy over amorphic,Sandy,B,200,5.83,5.49,6.57,5.56,11.5109084,4.6044808,0.8,0.415
ANDISOLS,glassy over amorphic,Sandy,C,200,6.05,5.82,6.91,6.14,9.4811209,4.7747512,1.2,0.415
ANDISOLS,glassy over amorphic,Sandy,C,200,5.99,5.65,6.7,5.95,8.8092456,5.0427024,1.2,0.415
ANDISOLS,glassy over amorphic,Coarse Loamy,A,15,4.58,4.29,4.83,4.49,20.1811239,13.2351234,0.7,0.415
ANDISOLS,glassy over amorphic,Coarse Loamy,A,30,5.13,4.62,5.6,4.88,18.5964125,8.8608464,1.5,0.415
ANDISOLS,glassy over amorphic,Coarse Loamy,B,60,5.07,5.12,5.8,5.07,36.8396863,17.6180549,0.6,0.415
ANDISOLS,glassy over amorphic,Coarse Loamy,B,100,5.11,5.22,6.12,5.47,26.8444913,10.8796886,0.02,0.415
ANDISOLS,glassy over amorphic,Coarse Loamy,C,100,5,5.46,6.22,5.72,11.5044869,3.1207954,,0.415
ANDISOLS,glassy over amorphic,Coarse Loamy,B,100,5.08,5.3,6.04,5.32,19.9370273,8.2174259,0.1,0.415
ANDISOLS,isotic,Sandy,A,60,5.77,5.4,6.85,5.69,5.8118099,4.60813,2.5,0.415
ANDISOLS,mixed,Coarse Loamy,A,30,4.95,4.46,5.54,4.53,16.7818241,9.6826519,2.9,0.415
ANDISOLS,mixed,Sandy,C,60,5.6,4.89,6.14,5.16,4.5689504,4.3849697,2.6,0.415
ANDISOLS,mixed,Coarse Loamy,A,100,5.6,5.05,6.21,5.26,19.1487678,10.5274152,3.9,0.415
ANDISOLS,mixed,Coarse Loamy,B,200,5.61,5.13,6.32,5.42,15.0982751,7.4424336,1.6,0.415
ARIDISOLS,mixed,Coarse Loamy,A,15,8.92,7.96,8.79,8.02,0.3687367,18.4820291,50.7,14.68
ARIDISOLS,mixed,Fine Loamy,B,30,8.81,7.99,8.45,7.96,,24.685433,57.6,14.68
ARIDISOLS,mixed,Fine Loamy,B,30,8.8,7.9,8.35,7.89,,23.8997154,45.5,14.68
ARIDISOLS,mixed,Coarse Loamy,A,15,8.55,7.83,8.48,7.74,0.5021192,12.3407212,16.4,14.68
ARIDISOLS,mixed,Coarse Loamy,A,15,8.65,7.76,8.64,7.84,0.0914894,14.0868824,17.2,14.68
ARIDISOLS,mixed,Coarse Loamy,B,30,8.17,7.49,8.31,7.5,,23.9401898,24.3,14.68
ARIDISOLS,mixed,Coarse Loamy,B,30,8.37,7.62,8.39,7.74,0.985554,26.9213066,31.5,14.68
ARIDISOLS,mixed,Sandy,B,100,8.74,7.81,8.6,8.07,,18.4916629,56.4,14.68
ARIDISOLS,mixed,Sandy,B,200,8.57,7.88,8.42,8.01,,26.3477868,52.7,14.68
ARIDISOLS,mixed,Sandy,B,200,8.68,7.69,8.43,8.02,,39.0603918,62.5,14.68
ARIDISOLS,mixed,Sandy,B,350,8.88,8.03,8.63,8.09,,43.6269524,75.3,14.68
ARIDISOLS,mixed,Coarse Loamy,A,15,8.06,7.7,7.72,7.02,,23.7563763,23.9,14.68
ARIDISOLS,mixed,Fine Loamy,B,60,8.64,7.84,8.36,7.75,,51.7512306,70.7,14.68
ARIDISOLS,mixed,Coarse Loamy,A,15,9.35,8.37,8.49,8.21,,13.6295171,38.8,14.68
ARIDISOLS,mixed,Sandy,B,100,9.59,8.71,8.74,8.23,,6.5915376,12.4,14.68
ARIDISOLS,mixed,Sandy,B,200,9.5,8.63,8.69,8.24,,5.3406444,12.4,14.68
ARIDISOLS,mixed,Sandy,B,200,9.3,8.5,8.5,8.22,,7.4400744,18.2,14.68
ARIDISOLS,mixed,Sandy,C,200,9.17,8.42,8.31,8.13,,7.1742544,18.5,14.68
ARIDISOLS,mixed,Sandy,A,30,7.12,6.36,7.1,6.36,0.8667522,21.0364459,26.2,14.68
ARIDISOLS,smectitic,Fine Silty,A,15,6.35,5.6,8.7,8.8,-0.1393773,24.0685375,114.3,14.68
ARIDISOLS,smectitic,Fine Silty,A,15,8.99,8.8,8.91,9.01,,24.1999154,215.5,14.68
ARIDISOLS,smectitic,Clayey,B,30,8.73,8.68,8.7,8.85,,23.9710598,202.6,14.68
ARIDISOLS,smectitic,Clayey,B,60,9.03,8.82,8.72,8.83,0.0948733,25.3883004,148.1,14.68
ARIDISOLS,smectitic,Clayey,C,200,9.83,9.33,9.1,9.22,4.3958526,26.5844158,58.1,14.68
ENTISOLS,,Sandy,C,15,5.57,6.43,6.88,6.03,1.6280962,2.8929085,0.4,0.268
ENTISOLS,,Sandy,C,15,5.84,6.26,6.8,5.86,1.8040901,3.3139197,1.8,0.268
ENTISOLS,,Sandy,C,30,5.85,6.02,6.98,6.04,0.7659905,1.6087668,0.8,0.268
ENTISOLS,,Sandy,C,30,6.59,6.4,7.01,6.59,0.5852612,2.7473992,2.5,0.268
ENTISOLS,,Sandy,C,100,7.01,6.57,7.07,6.32,-0.2245167,0.1488372,0.4,0.268
ENTISOLS,,Sandy,C,100,6.7,6.55,7.1,6.33,-0.1798783,0,0.3,0.268
ENTISOLS,,Sandy,C,100,6.6,6.48,6.94,6.16,0.1798564,0,0.1,0.268
ENTISOLS,,Sandy,C,100,6.64,6.49,7.07,6.51,-0.0449178,0.0832156,0.2,0.268
ENTISOLS,,Sandy,C,200,6.75,6.53,7.11,6.52,0.6741995,0.2178379,0.3,0.268
ENTISOLS,,Sandy,C,200,6.82,6.5,6.58,6.22,0.8094077,0,0.3,0.268
ENTISOLS,glassy,Sandy,A,15,5.16,4.83,5.43,5.07,13.670118,18.5731096,15,0.268
ENTISOLS,glassy,Sandy,C,30,5.72,5.09,6.07,5.27,2.461658,1.1419917,0.2,0.268
ENTISOLS,glassy,Sandy,C,60,5.53,5.12,5.97,5.12,1.4962428,0.6158142,0.1,0.268
ENTISOLS,glassy,Sandy,C,100,5.64,5.53,6.11,5.42,0.9396965,0.2029284,0.1,0.268
ENTISOLS,glassy,Sandy,C,100,4.69,4.74,4.76,4.635,1.583049,1.1633057,0.2,0.268
ENTISOLS,isotic,Sandy,A,15,5.08,4.64,5.29,4.56,8.9093243,4.4404329,1.9,0.268
ENTISOLS,isotic,Sandy,A,30,5.37,4.88,6.26,5.17,3.3969587,1.4266254,0.8,0.268
ENTISOLS,isotic,Sandy,C,60,5.55,5.09,6.05,5.17,0.966987,0.3717285,0.1,0.268
ENTISOLS,isotic,Sandy,C,100,5.98,5.25,6.25,5.36,0.6527679,2.1056691,1.5,0.268
ENTISOLS,mixed,Coarse Loamy,A,15,8.91,8.08,8.85,8.12,,14.7715691,24.9,0.268
ENTISOLS,mixed,Coarse Loamy,C,30,8.88,7.93,8.78,7.94,,16.8856869,25.4,0.268
ENTISOLS,mixed,Coarse Loamy,A,15,10.32,9.98,10.48,10.51,,50.067252,206.4,0.268
ENTISOLS,mixed,Coarse Loamy,B,60,10.36,9.83,10.52,10.43,,35.7537848,124.7,0.268
ENTISOLS,mixed,Sandy,B,60,9.41,8.47,8.98,8.24,,15.6626188,35.3,0.268
ENTISOLS,mixed,Sandy,B,100,9.42,8.43,8.56,8.16,,16.7042162,37.6,0.268
ENTISOLS,mixed,Sandy,B,200,9.19,8.34,8.27,8.07,,13.8421207,35.3,0.268
ENTISOLS,mixed,Coarse Loamy,A,30,7.48,7.33,6.96,6.6,3.5814105,14.2499885,16.7,0.268
ENTISOLS,mixed,Coarse Loamy,A,60,7.38,7.02,7.27,6.76,3.3472649,14.9104372,17.4,0.268
ENTISOLS,mixed,Clayey,C,100,8.35,7.59,8.04,7.59,2.9320171,17.6772727,25.1,0.268
ENTISOLS,mixed,Coarse Loamy,A,15,8.01,7.46,7.93,7.47,2.1097868,13.8298749,43,0.268
ENTISOLS,mixed,Coarse Loamy,C,60,8.41,7.71,8.35,7.78,,9.6701852,39.3,0.268
ENTISOLS,mixed,Fine Silty,C,100,8.46,7.77,7.52,7.59,,9.3951195,37.4,0.268
ENTISOLS,mixed,Fine Loamy,C,350,8.16,6.5,8.45,7.88,,9.5990402,44.2,0.268
ENTISOLS,mixed,Coarse Loamy,A,30,7.35,6.21,7.77,7.39,2.1686426,6.4928433,16.7,0.268
ENTISOLS,mixed,Coarse Loamy,,60,7.63,6.5,7.96,7.55,1.2680767,6.0663883,30.8,0.268
ENTISOLS,mixed,Coarse Loamy,,60,7.16,6.33,7.09,6.63,7.3707446,18.9714626,22.5,0.268
ENTISOLS,mixed,Coarse Loamy,,100,7.38,6.34,7.64,7.13,1.9988042,7.0187259,12,0.268
ENTISOLS,mixed,Coarse Loamy,,100,7.23,6.31,7.24,6.72,3.5900683,8.8895583,11.3,0.268
ENTISOLS,mixed,Coarse Loamy,,200,7.12,6.47,7.4,6.99,4.0324082,7.9647571,12,0.268
ENTISOLS,mixed,Coarse Loamy,,200,7.12,6.38,7,6.5,6.0763538,7.6762083,9.5,0.268
ENTISOLS,mixed,Coarse Loamy,A,15,7.18,6.43,7.38,7.05,3.5401316,15.9143764,31.4,0.268
ENTISOLS,mixed,Coarse Loamy,A,30,7.23,6.44,7.39,7.01,2.7422301,12.9259571,22,0.268
ENTISOLS,mixed,Coarse Loamy,C,60,7.75,6.67,7.98,7.5,0.1935771,6.359323,42,0.268
ENTISOLS,mixed,Coarse Loamy,C,100,8.07,6.89,8.13,7.68,,5.3368342,55.6,0.268
ENTISOLS,mixed,Coarse Loamy,C,200,7.92,6.99,8,7.61,,9.9168412,59.7,0.268
ENTISOLS,mixed,Sandy,,15,5.22,5.42,5.16,4.64,13.2776744,12.3355455,7.3,0.268
ENTISOLS,mixed,Sandy,,60,5,4.79,4.86,4.19,11.7349448,11.071348,3.3,0.268
ENTISOLS,mixed,Sandy,,100,4.91,4.11,4.59,3.99,13.1714587,12.3864861,2.4,0.268
ENTISOLS,mixed,Sandy,,200,5.93,5.21,6.4,6.47,7.9372364,28.9357798,31.3,0.268
ENTISOLS,mixed,Coarse Loamy,C,200,6.04,5.29,5.84,5.1,1.6025505,2.6731385,2.2,0.268
ENTISOLS,mixed,Coarse Loamy,A,60,5.26,4.72,5.96,4.95,29.666654,29.1320244,8.1,0.268
ENTISOLS,mixed,Coarse Loamy,C,60,5.43,4.74,5.91,5.03,25.1826001,25.2222526,8.7,0.268
ENTISOLS,mixed,Coarse Loamy,A,200,5.37,4.74,6.48,5.04,33.6977839,32.0259458,14.8,0.268
ENTISOLS,mixed,Coarse Loamy,C,100,6.18,5.43,6.61,6.04,4.6304053,9.6468134,10.3,0.268
ENTISOLS,mixed,Sandy,A,30,6.74,6.46,6.66,6.2,3.1403487,6.5607381,7.6,0.268
ENTISOLS,mixed,Sandy,A,60,6.51,6.19,6.52,5.98,1.5356501,5.159473,5.1,0.268
ENTISOLS,mixed,Sandy,A,60,6.43,6.12,6.45,5.89,1.9212692,3.5101502,3.4,0.268
ENTISOLS,mixed,Sandy,C,200,6.31,5.87,6.38,5.6,0.4754814,3.3713241,3.1,0.268
ENTISOLS,mixed,Coarse Loamy,,100,4.5,4.41,4.76,4.36,10.81494,7.603102,1.8,0.268
GELISOLS,,Fine Silty,B,100,4.3,3.69,4.76,3.88,26.67761,21.2608,2.9,0.545
GELISOLS,,Fine Silty,C,100,4.22,3.72,4.74,4.03,30.1324,26.67009,4.3,0.545
GELISOLS,isotic,Coarse Loamy,O,30,3.64,3.26,3.8,3.31,102.2290333,23.8133347,1.6,0.545
GELISOLS,isotic,Coarse Loamy,B,60,4.34,4.1,4.44,4.27,41.4747773,17.1787436,0.5,0.545
GELISOLS,isotic,Coarse Loamy,B,100,4.81,4.34,5.24,4.59,15.1891078,7.862112,0.8,0.545
GELISOLS,isotic,Coarse Loamy,B,60,5.6,4.96,5.92,5.44,18.5415393,28.0562237,25.4,0.545
GELISOLS,isotic,Coarse Loamy,B,100,5.62,5.04,5.89,5.42,11.2423306,17.0981337,17.3,0.545
GELISOLS,isotic,Coarse Loamy,B,100,6.27,5.43,6.93,6.24,7.4601788,18.3133621,22.7,0.545
GELISOLS,isotic,Coarse Loamy,C,100,6.47,5.63,7.25,6.52,3.2720873,9.7484767,13.1,0.545
GELISOLS,isotic,Coarse Loamy,B,60,4.57,4.17,5.07,4.3,18.8127182,15.7746238,6.7,0.545
GELISOLS,mixed,Coarse Loamy,B,15,7.75,6.97,8.33,7.51,0.3041082,6.9260965,11.7,0.545
GELISOLS,mixed,Coarse Loamy,B,60,7.63,7.17,8.06,7.4,1.1050732,5.3633265,13.1,0.545
GELISOLS,mixed,Coarse Loamy,B,60,7.59,7.1,7.91,7.4,0.3038196,5.3911745,13.9,0.545
GELISOLS,mixed,Coarse Loamy,A,60,7.93,7.45,7.95,7.6,1.3488755,15.407859,40.2,0.545
GELISOLS,mixed,Coarse Loamy,C,100,8.16,7.63,8.22,7.77,,12.8319629,64.4,0.545
GELISOLS,mixed,Coarse Loamy,B,15,8.55,8.07,8.17,8.05,,9.8723016,53.7,0.545
GELISOLS,mixed,Coarse Loamy,B,15,8.63,8.1,8.49,8.05,-0.5383928,9.9504251,50,0.545
GELISOLS,mixed,Coarse Loamy,B,30,8.46,7.98,8.3,7.91,-0.6154726,11.6569691,52.5,0.545
GELISOLS,mixed,Coarse Loamy,B,60,8.31,7.92,8.17,7.83,,14.0816163,53.1,0.545
GELISOLS,mixed,Fine Silty,A,60,8.11,7.69,7.98,7.75,0.4376031,14.6453641,40.4,0.545
GELISOLS,mixed,Coarse Loamy,B,60,8.4,7.84,8.27,7.81,0.3076351,11.966802,48.8,0.545
GELISOLS,mixed,Coarse Loamy,O,100,8.16,7.75,8.13,7.7,1.6685082,13.4211461,52.3,0.545
GELISOLS,mixed,Coarse Loamy,C,100,8.18,7.75,8.15,7.7,0.4142253,11.0940585,32.6,0.545
GELISOLS,mixed,Coarse Loamy,C,100,8.06,7.61,7.89,7.7,0.4431738,11.687209,32.3,0.545
GELISOLS,mixed,Sandy,O,15,7.29,7.16,7.78,7.48,0.2837308,40.028125,80.6,0.545
GELISOLS,mixed,Sandy,O,15,7.21,6.89,8.03,7.31,8.238249,15.5431016,66.2,0.545
GELISOLS,mixed,Sandy,B,60,8.11,7.39,8.14,7.56,0.4659721,4.3257833,19.7,0.545
GELISOLS,mixed,Sandy,B,100,8.46,7.77,8.31,7.77,,3.5862708,39.5,0.545
GELISOLS,mixed,Sandy,C,200,8.55,7.99,8.6,8.05,,4.6567634,40.9,0.545
GELISOLS,mixed,Sandy,B,15,8.9,8.32,8.63,8.36,,4.299761,44.2,0.545
GELISOLS,mixed,Sandy,B,30,8.72,8.15,8.6,8.13,,4.6951199,43.1,0.545
GELISOLS,mixed,Coarse Loamy,B,100,6.63,5.48,6.94,5.89,5.1719488,8.8661008,10.5,0.545
GELISOLS,mixed,Coarse Loamy,B,200,6.65,5.56,6.82,5.96,5.0501982,9.4224015,11.2,0.545
GELISOLS,mixed,Coarse Loamy,A,30,5.62,5.14,6.39,5.53,65.4723355,86.712849,79.3,0.545
GELISOLS,mixed,Coarse Loamy,B,60,5.8,5.09,6.06,5.26,12.6868389,13.5944496,12.4,0.545
GELISOLS,mixed,Coarse Loamy,B,100,6.5,5.51,6.82,6.4,8.8654666,14.8304364,17.1,0.545
GELISOLS,mixed,Coarse Loamy,C,100,6.65,5.8,7.16,6.56,7.8813605,14.0963138,17.1,0.545
GELISOLS,mixed,Coarse Loamy,B,60,4.53,4.08,4.98,4.09,14.50232,12.4679005,5.2,0.545
GELISOLS,mixed,Coarse Loamy,B,60,4.41,4.06,4.98,4.26,44.357474,26.7896225,10.1,0.545
GELISOLS,mixed,Coarse Loamy,O,60,4.29,3.97,4.95,4.14,47.705,34.1276119,12.5,0.545
GELISOLS,mixed,Fine Silty,B,60,5.16,4.74,5.71,5.07,17.11928,12.2254447,5.8,0.545
GELISOLS,mixed,Fine Silty,B,60,4.74,4.28,5.23,4.36,17.0375,11.5139904,5.3,0.545
GELISOLS,mixed,Fine Silty,A,15,4.75,4.26,5.2,4.33,18.48228,12.7930036,5.3,0.545
GELISOLS,mixed,Fine Silty,B,100,5.43,5,5.52,4.86,19.8998,15.8939878,8.3,0.545
GELISOLS,mixed,Coarse Loamy,C,100,5.24,4.82,5.09,4.42,15.562249,13.7051247,6.3,0.545
GELISOLS,mixed,Fine Silty,C,100,5.79,5.25,6,5.37,10.4115828,10.0453427,8.2,0.545
GELISOLS,mixed,Coarse Loamy,B,60,5.05,4.57,5.47,4.63,25.2591942,16.0668648,11.1,0.545
GELISOLS,mixed,Coarse Loamy,B,100,4.67,4.22,4.98,4.29,26.6092107,13.4289984,7,0.545
GELISOLS,mixed,Coarse Loamy,B,60,6.3,5.6,6.94,6.09,8.119293,29.07294,28.3,0.545
GELISOLS,mixed,Coarse Loamy,C,100,6.17,6,7.29,6.62,4.533182,20.43243,24.1,0.545
HISTOSOLS,,Coarse Loamy,A,15,5.07,4.66,5.11,4.57,19.5281238,14.1313258,4.5,0.045
HISTOSOLS,,Coarse Loamy,A,60,6.06,5.06,6.44,5.43,16.7466963,9.667315,4.8,0.045
HISTOSOLS,,Sandy,B,100,5.96,5.18,6.47,5.53,10.7629894,5.8399566,2.4,0.045
HISTOSOLS,,Sandy,C,200,6.14,5.22,6.76,5.58,5.187606,3.5209241,1.7,0.045
HISTOSOLS,,Sandy,C,200,6.3,5.35,6.89,5.71,1.9158009,3.0445899,2.4,0.045
HISTOSOLS,,Coarse Loamy,C,200,4.81,4.72,5.26,4.53,30.1798774,16.7616468,0.3,0.045
HISTOSOLS,,Clayey,A,100,7.58,7.13,7.74,7.61,,21.6979783,113.9,0.045
HISTOSOLS,,Clayey,C,350,7.5,7.2,7.795,7.685,,18.7369773,52.5,0.045
HISTOSOLS,,Coarse Loamy,C,350,7.63,7,7.75,7.58,-5.4992683,6.946756,196.2,0.045
HISTOSOLS,,Coarse Loamy,B,30,5.61,5.4,6.42,5.71,5.720304,14.0682,12.2,0.045
HISTOSOLS,,Coarse Loamy,O,60,5.778,5.49,6.51,5.85,39.1075,77.1739,67.4,0.045
HISTOSOLS,,Coarse Loamy,C,60,5.75,5.33,6.42,5.6,12.25266,23.75111,20.9,0.045
HISTOSOLS,,Sandy,O,15,4.5,4.37,4.81,4.47,87.27376,67.19112,19.8,0.045
HISTOSOLS,,Coarse Loamy,C,350,3.95,3.73,4.44,4.2,6.261726,7.386444,3.9,0.045
HISTOSOLS,kaolinitic,Sandy,C,100,4.33,3.72,4.18,3.68,4.8803927,2.0396231,0.2,0.045
HISTOSOLS,kaolinitic,Sandy,C,200,4.11,3.39,4.13,3.34,22.733535,14.6845149,0.8,0.045
HISTOSOLS,kaolinitic,Coarse Loamy,C,100,4.65,4.81,5.13,4.66,40.5632457,21.1016557,0.3,0.045
HISTOSOLS,mixed,Sandy,A,200,4.61,3.87,4.26,4.09,3.3277276,2.2191038,0.9,0.045
HISTOSOLS,mixed,Sandy,B,200,4.33,4.05,4.33,4.46,20.7562345,9.2337361,1,0.045
HISTOSOLS,mixed,Sandy,C,200,4.42,4.27,4.69,4.71,3.7801368,1.948161,1,0.045
HISTOSOLS,mixed,Coarse Loamy,B,100,6.38,5.63,7.31,6.48,1.7018069,6.6248646,7.9,0.045
HISTOSOLS,mixed,Coarse Loamy,B,200,6.84,5.93,7.75,7.2,1.6847012,9.8358363,12.6,0.045
HISTOSOLS,mixed,Coarse Loamy,C,200,7.84,6.34,8.13,7.59,,5.8985312,23.8,0.045
HISTOSOLS,mixed,Sandy,C,60,4.26,3.41,3.89,3.22,27.885118,14.4349731,1,0.045
HISTOSOLS,mixed,Sandy,C,100,3.67,3.71,3.84,3.76,4.413439,2.366502,3.1,0.045
HISTOSOLS,mixed,Sandy,C,200,3.53,3.54,3.35,3.45,4.68122,1.389953,3.5,0.045
HISTOSOLS,mixed,Sandy,C,350,3.79,3.8,3.71,3.76,1.334959,0.824903,2.8,0.045
INCEPTISOLS,amorphic,Sandy,B,60,5.51,5.42,6.3,5.8,12.8742107,7.4859365,0.1,0.119
INCEPTISOLS,mixed,Coarse Loamy,A,60,6.69,6.08,5.88,5.38,7.8103749,5.6849953,4.3,0.119
INCEPTISOLS,mixed,Coarse Loamy,B,60,6.8,5.99,6.34,5.66,4.8559586,3.0319464,1.5,0.119
INCEPTISOLS,mixed,Sandy,B,100,6.82,5.94,6.38,5.67,2.2088308,1.3159697,0.6,0.119
INCEPTISOLS,mixed,Sandy,C,200,6.83,5.9,6.37,5.7,1.4402425,0.4647343,0.1,0.119
INCEPTISOLS,mixed,Sandy,C,100,6.99,5.92,6.41,5.69,0.4791346,0.118173,0.02,0.119
INCEPTISOLS,mixed,Coarse Loamy,A,30,4.57,4.36,4.53,4.04,14.9194518,6.2331323,0.1,0.119
INCEPTISOLS,mixed,Coarse Loamy,B,60,4.61,4.28,4.71,4.23,5.0952293,2.5416536,0.02,0.119
INCEPTISOLS,mixed,Sandy,B,100,4.69,4.29,4.81,4.29,5.3575919,1.8978624,0.02,0.119
INCEPTISOLS,mixed,Sandy,C,200,4.89,4.65,5.09,4.77,0.455606,0.2170478,0.02,0.119
INCEPTISOLS,mixed,Sandy,C,200,5.03,4.85,5.23,4.9,-0.0719334,0.1178049,0.02,0.119
INCEPTISOLS,mixed,Coarse Loamy,A,15,4.12,3.7,4.09,3.73,44.6703474,23.090096,1.7,0.119
INCEPTISOLS,mixed,Coarse Loamy,A,30,4.41,3.81,4.48,3.84,62.851431,28.5402058,0.6,0.119
INCEPTISOLS,mixed,Coarse Loamy,A,60,4.58,4.05,4.71,4.14,39.0098501,18.7812157,0.4,0.119
INCEPTISOLS,mixed,Coarse Loamy,B,60,4.7,4.17,4.86,4.24,16.1701373,8.8402321,0.1,0.119
INCEPTISOLS,mixed,Coarse Loamy,B,100,4.65,4.05,4.82,4.12,12.5903475,6.6538474,0.2,0.119
INCEPTISOLS,mixed,Coarse Loamy,C,200,4.75,4.01,4.9,4.02,10.3150696,5.8409207,0.3,0.119
INCEPTISOLS,mixed,Coarse Loamy,C,200,5.04,4.05,5.16,4.14,8.7181345,5.7855992,1,0.119
INCEPTISOLS,mixed,Coarse Loamy,,15,5.9,5.36,6.29,5.72,6.6627086,11.2180802,9.7,0.119
INCEPTISOLS,mixed,Coarse Loamy,,30,5.73,5.24,5.84,5.19,6.1975666,8.344576,7,0.119
INCEPTISOLS,mixed,Coarse Loamy,,60,6,5.39,6.26,5.51,2.9400286,5.6312576,4.4,0.119
INCEPTISOLS,mixed,Coarse Loamy,,60,6.53,5.86,7.39,6.76,1.9091955,4.5641453,6.8,0.119
INCEPTISOLS,mixed,Coarse Loamy,,100,7.52,6.35,7.73,7.41,-0.7059616,3.8921602,27,0.119
INCEPTISOLS,mixed,Sandy,,200,7.72,6.5,7.97,7.48,-0.0214478,4.6593882,30.8,0.119
INCEPTISOLS,mixed,Coarse Loamy,,15,5.41,6.15,4.95,4.39,7.30825,5.8046421,3.2,0.119
INCEPTISOLS,mixed,Coarse Loamy,,30,5.48,5.02,5.31,4.63,5.8724847,5.2195257,4.4,0.119
INCEPTISOLS,mixed,Coarse Loamy,,60,5.64,5.12,5.49,4.89,6.3868292,5.922364,5,0.119
INCEPTISOLS,mixed,Coarse Loamy,,60,5.83,5.23,5.77,5.15,4.1921675,4.6891501,5.2,0.119
INCEPTISOLS,mixed,Coarse Loamy,,100,5.92,5.34,5.99,5.41,4.1937395,4.5552541,4.8,0.119
INCEPTISOLS,mixed,Coarse Loamy,,100,6.13,5.44,6.15,5.58,1.5195999,2.0520089,2.9,0.119
INCEPTISOLS,mixed,Coarse Loamy,,200,6.1,5.58,6.18,5.64,0.9612966,1.8208816,2.6,0.119
INCEPTISOLS,mixed,Coarse Loamy,,200,6.13,5.56,6.21,5.67,0.7270846,1.9306744,2.5,0.119
INCEPTISOLS,mixed,Coarse Loamy,,15,5.35,5.05,5.27,4.87,18.8029955,19.4075584,15.1,0.119
INCEPTISOLS,mixed,Coarse Loamy,A,30,5.15,4.69,4.97,4.48,14.7989057,11.2129146,5.4,0.119
INCEPTISOLS,mixed,Coarse Loamy,B,60,4.95,4.35,4.78,4.13,10.4988606,6.9220717,1.8,0.119
INCEPTISOLS,mixed,Coarse Loamy,B,60,5.18,4.46,5.02,4.29,4.3776029,4.9238771,3.4,0.119
INCEPTISOLS,mixed,Coarse Loamy,B,200,5.51,5.04,5.48,4.66,6.1130518,6.1402039,3.7,0.119
INCEPTISOLS,mixed,Coarse Loamy,A,30,8.35,7.52,7.59,7.28,,11.2550973,52,0.119
INCEPTISOLS,mixed,Coarse Loamy,B,60,8.44,7.74,7.91,7.46,,11.475106,54.8,0.119
INCEPTISOLS,mixed,Sandy,C,100,8.75,7.88,8.31,7.8,,4.8210063,87.3,0.119
INCEPTISOLS,mixed,Sandy,C,350,9.07,8.28,8.39,8.05,,4.078003,81.1,0.119
INCEPTISOLS,mixed,Coarse Loamy,A,30,8.38,7.81,7.905,7.46,,10.8852952,47.8,0.119
INCEPTISOLS,mixed,Sandy,B,100,8.69,7.96,8.17,7.7,,9.2646001,47.9,0.119
INCEPTISOLS,mixed,Sandy,B,200,8.24,6.4,8.18,7.64,,9.1567182,44.7,0.119
INCEPTISOLS,mixed,Coarse Loamy,C,350,6.59,6.7,6.27,5.82,1.2967129,4.2848847,4.9,0.119
INCEPTISOLS,mixed,Coarse Loamy,A,30,6.2,6.02,6.36,5.96,11.699909,14.7780102,12.9,0.119
INCEPTISOLS,mixed,Coarse Loamy,B,60,5.5,4.89,5.96,5.19,2.884524,2.8089072,1,0.119
INCEPTISOLS,mixed,Coarse Loamy,A,60,4.79,4.44,5.05,4.52,23.50639,13.92966,3.4,0.119
INCEPTISOLS,mixed,Coarse Loamy,A,100,5.03,4.53,5.33,4.65,8.12042,6.856552,3.5,0.119
INCEPTISOLS,mixed,Coarse Loamy,A,350,7.72,6.89,8.43,7.86,,22.01469,,0.119
MOLLISOLS,,Fine Loamy,A,15,7.68,6.43,7.42,7.06,,25.176613,59.2,0.092
MOLLISOLS,,Coarse Loamy,B,60,8.04,6.49,7.62,7.24,,8.9443111,46.5,0.092
MOLLISOLS,,Coarse Loamy,C,100,8.59,6.68,7.77,7.36,,7.0076841,44.1,0.092
MOLLISOLS,isotic,Fine Silty,B,200,6.3,6.3,7.01,5.97,15.6596486,18.6150322,15.1,0.092
MOLLISOLS,isotic,Fine Silty,B,200,6.41,5.89,6.97,5.97,14.2235479,18.9882143,15.5,0.092
MOLLISOLS,isotic,Fine Silty,B,350,6.49,5.8,7.02,6.04,11.545888,26.2805982,16.8,0.092
MOLLISOLS,isotic,Fine Silty,B,350,6.43,5.8,6.99,6.06,8.0094526,26.410077,17.3,0.092
MOLLISOLS,isotic,Coarse Loamy,A,30,5.9,5.44,6.64,5.46,11.739541,24.947886,24.3,0.092
MOLLISOLS,isotic,Fine Silty,A,60,6.1,5.41,5.97,5.52,10.8966354,24.2421974,23.9,0.092
MOLLISOLS,isotic,Fine Silty,B,100,6.62,5.72,6.17,5.8,6.726683,25.6404475,28.2,0.092
MOLLISOLS,isotic,Coarse Loamy,B,100,7.22,6.25,7.09,6.59,5.0169126,19.7094084,23.5,0.092
MOLLISOLS,isotic,Fine Loamy,A,200,7.08,6.21,6.97,6.45,7.3847357,33.0769399,37,0.092
MOLLISOLS,isotic,Fine Silty,A,200,7.13,6.1,6.89,6.4,6.4441669,26.967337,29.8,0.092
MOLLISOLS,kaolinitic,Coarse Loamy,A,30,5.73,5.22,5.6,5.08,13.1685204,11.8328785,9.1,0.092
MOLLISOLS,kaolinitic,Clayey,B,100,5.55,5.07,5.7,5.09,15.2958137,16.2482148,10.6,0.092
MOLLISOLS,kaolinitic,Clayey,B,200,5.56,5.09,5.64,5.2,15.8809177,15.4487923,11.3,0.092
MOLLISOLS,kaolinitic,Fine Loamy,C,200,5.78,5.3,6.05,5.38,11.9638775,13.6171411,9.5,0.092
MOLLISOLS,mixed,Fine Silty,A,30,6.75,5.8,7.06,6.47,4.590728,15.1992129,16.4,0.092
MOLLISOLS,mixed,Coarse Loamy,A,60,6.84,5.83,7.11,6.42,4.8796799,14.7616258,15.8,0.092
MOLLISOLS,mixed,Fine Loamy,B,60,6.92,5.81,6.96,6.21,4.5822935,13.5086239,14,0.092
MOLLISOLS,mixed,Fine Loamy,B,100,6.93,5.79,6.825,6.05,6.5913216,16.7258159,16.3,0.092
MOLLISOLS,mixed,Fine Loamy,B,100,6.07,5.23,5.72,4.96,11.1919037,19.1720435,15.2,0.092
MOLLISOLS,mixed,Fine Loamy,B,200,6.23,5.15,5.64,4.91,10.8052322,18.5750105,15.7,0.092
MOLLISOLS,mixed,Coarse Loamy,A,30,6.65,6.23,5.86,5.37,4.2432219,6.5038508,5.4,0.092
MOLLISOLS,mixed,Coarse Loamy,A,60,6.81,6.09,6.46,5.75,3.8709837,7.2181044,5.4,0.092
MOLLISOLS,mixed,Coarse Loamy,B,60,6.51,5.81,6.09,5.22,4.2640107,5.8017207,4.4,0.092
MOLLISOLS,mixed,Coarse Loamy,B,100,6.01,5.19,5.59,4.65,2.812016,4.0216915,2.7,0.092
MOLLISOLS,mixed,Coarse Loamy,A,30,5.98,5.38,5.81,5.34,7.4391614,12.3422775,11.5,0.092
MOLLISOLS,mixed,Coarse Loamy,A,60,6.15,5.34,6.1,5.28,6.9359371,11.9910817,11,0.092
MOLLISOLS,mixed,Coarse Loamy,B,60,6.17,5.21,5.97,5.13,6.6132412,13.2261973,12.2,0.092
MOLLISOLS,mixed,Coarse Loamy,B,100,6.1,4.99,5.67,4.77,6.5073107,11.2134781,9.7,0.092
MOLLISOLS,mixed,Coarse Loamy,C,200,6.22,4.97,5.7,4.78,2.1636355,5.3047189,5,0.092
MOLLISOLS,mixed,Fine Loamy,C,200,6.2,4.97,5.65,4.92,3.237769,9.4532081,9.8,0.092
MOLLISOLS,mixed,Coarse Loamy,A,30,6.14,5.4,6.16,5.81,6.5737015,15.8431623,15.6,0.092
MOLLISOLS,mixed,Coarse Loamy,A,60,5.81,5.23,6.1,5.42,7.3609466,12.6132496,11.3,0.092
MOLLISOLS,mixed,Coarse Loamy,B,60,5.43,4.92,5.74,4.9,9.965644,11.5755306,8.7,0.092
MOLLISOLS,mixed,Coarse Loamy,B,100,5.08,4.6,5.39,4.53,11.7024794,12.8139387,8.3,0.092
MOLLISOLS,mixed,Coarse Loamy,B,200,4.88,4.44,5.06,4.33,7.0368059,11.3741026,8.3,0.092
MOLLISOLS,mixed,Sandy,C,200,5.19,4.54,5.2,4.48,2.6842839,4.7273905,4,0.092
MOLLISOLS,mixed,Sandy,C,200,5.34,4.75,5.35,4.7,1.3738878,3.6303761,3.2,0.092
MOLLISOLS,mixed,Fine Silty,A,15,7.38,6.42,7.36,7.15,,39.9574723,77,0.092
MOLLISOLS,mixed,Clayey,B,30,7.76,6.72,7.84,7.38,,36.8668414,73.5,0.092
MOLLISOLS,mixed,Clayey,B,60,7.95,6.81,8.04,7.5,,34.6201793,62.8,0.092
MOLLISOLS,mixed,Coarse Loamy,C,200,6.49,5.35,7.22,6.16,3.3543731,10.9335522,14.5,0.092
MOLLISOLS,mixed,Fine Silty,A,15,7.35,6.63,7.28,6.94,2.5781015,17.7837247,21.2,0.092
MOLLISOLS,mixed,Fine Silty,A,30,7.38,6.75,7.47,6.955,3.1560714,17.3476071,19.9,0.092
MOLLISOLS,mixed,Fine Silty,A,15,5.91,5.39,5.8,5.34,8.3419919,19.1864387,18.5,0.092
MOLLISOLS,mixed,Fine Silty,A,30,6.5,5.8,6.46,5.88,6.736496,19.7923505,21.9,0.092
MOLLISOLS,mixed,Fine Silty,A,15,6.51,6.11,6.44,6.23,7.8114201,29.1064195,34,0.092
MOLLISOLS,mixed,Fine Silty,A,30,6.39,5.79,6.45,5.87,8.7205895,19.6752617,25.4,0.092
MOLLISOLS,mixed,Fine Silty,A,60,7.34,6.86,6.16,5.57,9.7511485,13.9266696,16.1,0.092
MOLLISOLS,mixed,Fine Silty,A,15,6.16,5.66,7.17,6.99,5.2189986,23.0645718,32.9,0.092
MOLLISOLS,mixed,Fine Silty,A,30,6.39,5.71,6.47,5.83,9.7217084,18.608331,11,0.092
MOLLISOLS,mixed,Fine Silty,A,15,5.25,4.87,5.68,4.87,13.591616,17.9785854,14.6,0.092
MOLLISOLS,mixed,Fine Silty,B,100,6.67,5.99,6.7,6.18,14.6094334,32.3824048,31,0.092
MOLLISOLS,mixed,Fine Silty,B,200,7.02,6.29,7.09,6.65,7.0385558,30.8476871,34.1,0.092
MOLLISOLS,mixed,Fine Silty,B,200,7.09,6.38,6.99,6.71,5.6544083,26.5696191,29.8,0.092
MOLLISOLS,mixed,Fine Silty,C,350,7.3,6.56,7.26,6.97,3.8964112,20.5119972,25,0.092
MOLLISOLS,mixed,Sandy,A,30,5.84,5,5.91,5.28,3.9637114,5.1998173,4.6,0.092
MOLLISOLS,mixed,Sandy,A,30,6,5.19,6.23,5.43,1.3755411,1.7016451,1.3,0.092
MOLLISOLS,mixed,Sandy,A,60,6.22,5.31,6.36,5.57,1.2884153,1.7366447,,0.092
MOLLISOLS,mixed,Sandy,B,100,6.23,5.43,6.53,5.69,1.1979082,0.99016,0.5,0.092
MOLLISOLS,mixed,Coarse Loamy,B,200,6.61,7.2,6.85,6.01,3.007629,24.48645,25.2,0.092
MOLLISOLS,mixed,Coarse Loamy,,10,8.56,7.77,8.44,7.81,,11.20853,,0.092
MOLLISOLS,smectitic,Fine Silty,A,15,7.31,6.3,7.37,6.95,5.6992287,27.9012202,28.2,0.092
MOLLISOLS,smectitic,Clayey,B,30,7.03,6.1,7.27,6.34,7.4865406,34.8737818,32.7,0.092
MOLLISOLS,smectitic,Clayey,B,60,7.03,6.05,7.01,6.3,6.8488012,34.1914703,33.4,0.092
MOLLISOLS,smectitic,Clayey,B,100,7.3,6.3,7.57,6.63,5.0658339,34.4192993,37.8,0.092
MOLLISOLS,smectitic,Clayey,B,200,7.42,6.42,7.65,6.79,3.8441332,33.8972589,37.3,0.092
MOLLISOLS,smectitic,Clayey,C,200,7.76,6.7,8.07,7.14,3.0296729,33.3274299,36.9,0.092
MOLLISOLS,smectitic,Clayey,C,350,7.65,6.65,7.93,6.97,3.7983309,32.9761482,35.7,0.092
MOLLISOLS,smectitic,Fine Silty,A,30,7.05,6.4,7,6.43,6.8217055,29.6038935,33,0.092
MOLLISOLS,smectitic,Fine Silty,A,15,7.49,7.04,7.45,7.12,6.8338904,42.512539,57.6,0.092
MOLLISOLS,smectitic,Fine Silty,A,30,7.32,6.89,7.39,6.88,7.5582972,38.4121681,44.1,0.092
MOLLISOLS,smectitic,Fine Loamy,A,30,8.29,7.49,8.28,7.78,,24.0980555,74.3,0.092
MOLLISOLS,smectitic,Fine Loamy,A,60,8.25,7.59,8.3,7.81,,30.3804954,83.5,0.092
MOLLISOLS,smectitic,Clayey,B,100,8.42,7.7,8.41,7.73,,34.9960664,86.6,0.092
MOLLISOLS,smectitic,Clayey,B,100,8.56,7.75,8.64,7.84,,27.4769918,69.4,0.092
MOLLISOLS,smectitic,Clayey,C,200,8.58,7.75,8.53,7.9,,21.8747202,71.8,0.092
MOLLISOLS,smectitic,Sandy,C,200,8.62,7.75,8.56,7.89,,19.2443855,68,0.092
MOLLISOLS,smectitic,Fine Silty,B,60,10.12,9.36,9.88,9.75,,21.9039549,67.1,0.092
MOLLISOLS,smectitic,Fine Silty,B,100,10.16,9.52,9.97,9.79,,23.1891052,65.1,0.092
MOLLISOLS,smectitic,Clayey,B,100,10.12,9.4,9.66,9.63,,23.1308082,58.5,0.092
MOLLISOLS,smectitic,Clayey,B,200,10.01,9.19,9.44,9.44,,16.8939717,64.3,0.092
MOLLISOLS,smectitic,Clayey,B,200,9.86,9.09,9.34,9.29,,21.4259954,79.4,0.092
MOLLISOLS,smectitic,Clayey,B,350,9.62,8.77,9.15,9.1,,23.3661116,71.7,0.092
MOLLISOLS,smectitic,Fine Loamy,A,15,7.33,6.96,7.55,6.81,3.3637028,10.6762918,13.4,0.092
MOLLISOLS,smectitic,Fine Loamy,A,30,7.02,6.57,7.03,6.48,2.9207656,5.3454382,12.6,0.092
MOLLISOLS,smectitic,Fine Loamy,B,60,6.08,5.67,6.03,5.64,4.5113786,9.8161674,11.7,0.092
MOLLISOLS,smectitic,Fine Loamy,B,100,6.91,6.02,6.78,6.32,4.4420057,9.7605229,13.9,0.092
MOLLISOLS,smectitic,Fine Loamy,C,200,7.15,6.14,7,6.49,3.569273,9.953867,17.4,0.092
MOLLISOLS,smectitic,Coarse Loamy,B,60,9.48,8.86,9.02,8.86,,57.67027,,0.092
MOLLISOLS,smectitic,Coarse Loamy,B,100,9.2,8.73,8.7,8.65,,44.06912,,0.092
SPODOSOLS,,Sandy,A,15,4.01,4.57,4.01,3.3,29.5215549,34.8404708,3.4,0.262
SPODOSOLS,,Coarse Loamy,B,100,5.54,5.3,5.98,5.55,25.8304151,11.670604,1,0.262
SPODOSOLS,isotic,Coarse Loamy,A,30,4.56,3.94,4.51,3.86,3.9350698,2.694554,0.4,0.262
SPODOSOLS,isotic,Coarse Loamy,B,30,4.34,3.96,4.58,3.99,,15.953982,0.8,0.262
SPODOSOLS,isotic,Coarse Loamy,B,60,4.58,4.31,4.97,4.3,,13.5651984,0.3,0.262
SPODOSOLS,isotic,Sandy,A,30,3.9,2.82,3.8,2.94,11.7953159,7.710075,0.9,0.262
SPODOSOLS,isotic,Sandy,B,60,4.55,4.33,5.23,4.55,7.8230027,2.2339137,0.02,0.262
SPODOSOLS,isotic,Sandy,B,100,4.55,4.25,5.09,4.36,7.1095841,1.9960511,0.02,0.262
SPODOSOLS,isotic,Sandy,C,100,4.7,4.16,5.34,4.73,2.3771385,0.57939,0.02,0.262
SPODOSOLS,isotic,Sandy,C,200,4.96,4.74,5.55,4.99,2.4642857,0.3121102,0.02,0.262
SPODOSOLS,isotic,Sandy,A,30,4,3.23,4.23,3.38,15.3928081,7.3333889,0.1,0.262
SPODOSOLS,isotic,Sandy,B,60,4.74,4.45,5.19,4.69,11.0177393,3.5668119,0.02,0.262
SPODOSOLS,isotic,Sandy,B,100,4.45,4.49,5.13,4.7,5.6279015,2.1125857,0.02,0.262
SPODOSOLS,kaolinitic,Coarse Loamy,A,15,4.5,4.06,4.74,4.18,10.4913335,6.6266598,3.1,0.262
SPODOSOLS,kaolinitic,Sandy,A,30,4.34,3.8,4.35,3.63,0.6751824,0.436686,0.1,0.262
SPODOSOLS,kaolinitic,Sandy,A,100,4.41,4.61,5.33,4.67,1.8656416,0.5239018,,0.262
SPODOSOLS,kaolinitic,Sandy,B,200,4.66,4.78,5.4,4.72,0.1890617,0.0721835,0.02,0.262
SPODOSOLS,kaolinitic,Sandy,B,200,4.63,4.67,5.51,4.76,2.8676764,0.8929435,,0.262
SPODOSOLS,kaolinitic,Sandy,B,350,4.46,4.63,5.19,4.64,14.0589343,5.0437562,,0.262
SPODOSOLS,kaolinitic,Sandy,A,60,4.02,4.46,3.81,3.46,2.7376281,1.6954979,0.02,0.262
SPODOSOLS,kaolinitic,Sandy,B,60,3.83,3.25,3.66,3.4,7.8897894,1.3677928,0.5,0.262
SPODOSOLS,kaolinitic,Sandy,B,60,3.82,3.49,3.68,3.43,9.8003553,2.7916716,0.02,0.262
SPODOSOLS,kaolinitic,Sandy,B,100,4.09,3.9,4.11,3.79,2.9510643,4.3696219,0.2,0.262
SPODOSOLS,kaolinitic,Coarse Loamy,C,200,4.06,3.74,4.33,3.81,3.4597858,1.4685543,0.2,0.262
SPODOSOLS,kaolinitic,Sandy,A,30,4.22,3.77,4.3,3.6,2.9071426,1.818154,0.02,0.262
SPODOSOLS,kaolinitic,Sandy,A,60,4.64,3.99,4.58,3.85,0.6875681,1.1153511,0.02,0.262
SPODOSOLS,kaolinitic,Sandy,B,60,4.06,3.86,4.32,3.8,21.8087418,10.6301233,0.02,0.262
SPODOSOLS,kaolinitic,Sandy,B,100,4.33,4.46,4.96,4.54,5.5286454,9.7989137,0.1,0.262
SPODOSOLS,kaolinitic,Sandy,C,200,4.42,4.55,5.07,4.54,1.3001421,1.1346227,0.02,0.262
SPODOSOLS,kaolinitic,Coarse Loamy,B,100,5.45,5.06,5.93,5.4,33.6475275,17.0694765,1.6,0.262
SPODOSOLS,mixed,Sandy,A,15,4.15,3.36,4.02,3.21,4.3818431,3.1771188,0.7,0.262
SPODOSOLS,mixed,Sandy,A,15,5.79,5.5,5.92,5.33,7.9380175,9.7262059,9.5,0.262
SPODOSOLS,mixed,Sandy,A,60,4.45,3.85,4.71,3.87,4.6072059,3.1105863,0.4,0.262
SPODOSOLS,mixed,Sandy,A,60,4.59,4.04,4.8,4.18,1.8099695,0.9634518,0.02,0.262
SPODOSOLS,mixed,Sandy,B,100,4.57,4.41,5.19,4.47,27.107602,10.0595794,0.2,0.262
SPODOSOLS,mixed,Sandy,B,100,4.72,4.68,5.475,4.845,4.4097351,1.5927677,0.2,0.262
SPODOSOLS,mixed,Sandy,C,200,4.93,4.72,5.44,4.87,1.3960102,0.5443614,0.3,0.262
SPODOSOLS,mixed,Sandy,C,350,6.02,5.4,6.51,5.81,0.9152965,0.4740137,0.3,0.262
SPODOSOLS,mixed,Coarse Loamy,C,100,4.39,4.62,4.74,4.38,5.678189,0.199179,0.02,0.262
ULTISOLS,,Coarse Loamy,A,15,4.84,4.29,4.86,4.68,8.7937206,6.3361544,2.2,0.162
ULTISOLS,,Coarse Loamy,A,15,4.86,4.43,5.31,4.5,13.2838176,7.3160206,1.7,0.162
ULTISOLS,,Coarse Loamy,A,30,4.84,4.38,5.33,4.5,4.4589102,1.9506532,0.5,0.162
ULTISOLS,,Coarse Loamy,B,100,5.38,4.71,5.9,4.94,1.3623269,2.012558,1.2,0.162
ULTISOLS,,Coarse Loamy,B,100,5.13,4.48,5.74,4.64,3.479515,4.4041809,2.9,0.162
ULTISOLS,,Clayey,B,200,4.68,3.99,5.25,4.19,14.5467631,10.1325478,3.4,0.162
ULTISOLS,,Clayey,B,350,4.69,3.93,5.33,4.09,12.2153686,11.544313,1.9,0.162
ULTISOLS,,Coarse Loamy,A,15,5.41,4.88,5.49,5.12,9.1739767,6.7996335,4.4,0.162
ULTISOLS,,Coarse Loamy,B,30,5.09,4.47,5.51,4.56,3.6378554,3.050949,1,0.162
ULTISOLS,,Fine Silty,B,60,4.91,4.11,5.43,4.33,5.1973659,6.0481482,2.8,0.162
ULTISOLS,,Fine Silty,B,200,4.75,3.92,5.13,4.14,8.150178,7.8479207,2.3,0.162
ULTISOLS,,Fine Loamy,B,200,4.56,3.75,4.97,3.96,14.2689736,12.4532159,2.1,0.162
ULTISOLS,,Clayey,B,350,4.62,3.69,4.94,3.89,17.0662717,13.3623651,1.2,0.162
ULTISOLS,,Coarse Loamy,A,30,5.42,4.99,5.52,5.21,8.224975,8.3222888,6.2,0.162
ULTISOLS,,Coarse Loamy,A,60,4.97,4.43,5.2,4.48,5.7951698,8.1518226,6.4,0.162
ULTISOLS,,Coarse Loamy,B,100,4.49,4.16,5.06,4.29,4.7136708,3.6931791,0.6,0.162
ULTISOLS,,Coarse Loamy,B,200,4.5,4.07,5.2,4.28,5.5547813,4.2982184,1.6,0.162
ULTISOLS,,Coarse Loamy,B,350,4.66,4.21,5.28,4.4,5.7801386,6.2975807,3.2,0.162
ULTISOLS,halloysitic,Fine Loamy,A,15,6.33,5.68,6.65,6.09,21.663846,21.3810407,17.7,0.162
ULTISOLS,halloysitic,Clayey,B,30,6.33,5.68,6.27,5.62,22.6237177,20.8010928,11.6,0.162
ULTISOLS,halloysitic,Fine Loamy,B,60,6.3,5.59,6.1,5.5,22.8786644,18.7144069,8.9,0.162
ULTISOLS,halloysitic,Coarse Loamy,B,60,6.2,5.51,6.15,5.34,31.4892919,24.5445024,6.9,0.162
ULTISOLS,halloysitic,Fine Loamy,B,100,6.16,5.46,5.98,5.22,27.2557264,20.1664585,5.7,0.162
ULTISOLS,halloysitic,Fine Loamy,B,200,5.97,5.48,6.17,5.6,13.6921757,13.3179008,5.3,0.162
ULTISOLS,halloysitic,Clayey,B,200,6.1,5.39,5.66,5.24,14.03519,13.1820897,5.5,0.162
ULTISOLS,halloysitic,Fine Loamy,A,60,4.99,4.63,5.12,4.95,51.5910457,19.4720568,2,0.162
ULTISOLS,halloysitic,Clayey,B,100,4.89,4.6,5.09,5.02,27.14782,16.4250259,1.9,0.162
ULTISOLS,halloysitic,Clayey,B,100,5.1,4.64,5.27,5.1,22.5859479,15.5500272,1.9,0.162
ULTISOLS,halloysitic,Clayey,A,200,5.13,4.92,5.32,5.23,19.4479955,15.3136924,2.4,0.162
ULTISOLS,halloysitic,Fine Loamy,B,200,5.3,5,5.52,5.37,20.9239543,18.7382259,4,0.162
ULTISOLS,halloysitic,Fine Loamy,B,350,5.55,5.18,5.52,5.5,18.6476137,17.291114,4.5,0.162
ULTISOLS,kaolinitic,Sandy,C,60,4.83,4.25,5.01,4.47,1.1675724,0.3358352,0.1,0.162
ULTISOLS,kaolinitic,Clayey,B,100,4.81,4.17,5.19,4.41,8.5037029,4.9416736,1.3,0.162
ULTISOLS,kaolinitic,Fine Loamy,B,200,4.75,4.21,5.25,4.43,1.9827061,1.4718903,0.3,0.162
ULTISOLS,kaolinitic,Fine Loamy,C,200,4.72,4.24,5.26,4.43,1.117638,0.7046937,0.02,0.162
ULTISOLS,kaolinitic,Coarse Loamy,C,200,4.76,4.21,5.28,4.39,2.5682788,1.1612965,0.1,0.162
ULTISOLS,kaolinitic,Coarse Loamy,C,200,4.73,4.21,5.22,4.39,1.9838219,1.3171242,0.02,0.162
ULTISOLS,kaolinitic,Coarse Loamy,C,350,4.68,4.13,5.23,4.38,3.1289244,1.3028959,0.1,0.162
ULTISOLS,kaolinitic,Coarse Loamy,A,15,4.69,4.1,4.99,4.14,6.6950361,5.0096545,2,0.162
ULTISOLS,kaolinitic,Coarse Loamy,A,30,5.15,4.49,5.43,4.51,1.1869315,0.8239252,1.5,0.162
ULTISOLS,kaolinitic,Coarse Loamy,B,30,5.14,4.7,5.56,5.47,4.4197123,2.1354205,0.4,0.162
ULTISOLS,kaolinitic,Fine Loamy,B,100,4.77,4.38,5.32,4.42,4.1589238,2.4812168,0.6,0.162
ULTISOLS,kaolinitic,Sandy,B,100,4.47,4.16,4.94,4.26,2.6499423,1.7039664,0.2,0.162
ULTISOLS,kaolinitic,Fine Loamy,B,200,4.52,4.11,5.12,4.22,5.5307699,4.7500993,0.2,0.162
ULTISOLS,kaolinitic,Coarse Loamy,B,350,4.6,4.12,5.29,4.25,4.3133833,4.0407485,0.2,0.162
ULTISOLS,kaolinitic,Sandy,C,350,4.69,4.28,5.26,4.33,1.5342236,1.3608762,0.2,0.162
ULTISOLS,kaolinitic,Coarse Loamy,A,60,4.87,4.28,4.93,4.28,3.1401905,1.8314188,0.2,0.162
ULTISOLS,kaolinitic,Coarse Loamy,B,60,4.66,3.99,4.83,4.01,6.4063924,5.0152569,0.8,0.162
ULTISOLS,kaolinitic,Fine Loamy,B,100,4.51,3.83,4.825,3.905,10.9281296,8.5215134,1.1,0.162
ULTISOLS,kaolinitic,Fine Loamy,B,200,4.38,3.78,4.46,3.8,10.374071,7.4995391,0.6,0.162
ULTISOLS,kaolinitic,Coarse Loamy,B,200,4.29,3.82,4.53,3.85,7.3987656,5.2369705,0.3,0.162
ULTISOLS,kaolinitic,Coarse Loamy,A,15,4.48,4.05,4.67,4.53,11.4613364,8.6154196,3.2,0.162
ULTISOLS,kaolinitic,Coarse Loamy,A,60,4.42,3.92,4.65,4.17,5.2744317,3.3197088,0.6,0.162
ULTISOLS,kaolinitic,Fine Silty,B,60,4.3,3.71,4.53,4.39,12.4346662,9.6394309,0.7,0.162
ULTISOLS,kaolinitic,Fine Silty,B,100,4.35,3.75,4.52,4.32,11.7148074,9.4386541,0.6,0.162
ULTISOLS,kaolinitic,Fine Silty,B,100,4.36,3.75,4.61,4.25,11.4750548,9.0749252,0.6,0.162
VERTISOLS,kaolinitic,Clayey,O,15,5.88,5.51,6.02,5.92,,70.858369,92.9,2.966
VERTISOLS,kaolinitic,Clayey,A,60,6.72,5.82,6.74,6.48,7.4485509,40.2416106,39.3,2.966
VERTISOLS,kaolinitic,Clayey,A,100,6.05,5.47,5.77,5.21,15.734377,36.0050111,30.8,2.966
VERTISOLS,kaolinitic,Fine Loamy,B,200,5.14,4.79,5,4.69,23.824324,34.5127464,23.7,2.966
VERTISOLS,kaolinitic,Fine Loamy,B,200,5.24,4.9,5.27,4.98,20.0775755,39.4103337,29.3,2.966
VERTISOLS,kaolinitic,Fine Loamy,B,200,6.1,5.42,6.03,5.74,13.6384391,42.2878233,36.3,2.966
VERTISOLS,kaolinitic,Clayey,B,200,6.88,6.14,6.62,6.46,12.2762314,50.2659873,43.5,2.966
VERTISOLS,kaolinitic,Coarse Loamy,A,30,5.87,5.18,5.88,5.44,7.672215,16.6506352,15.5,2.966
VERTISOLS,mixed,Clayey,A,15,8.58,7.63,8.12,7.57,,24.2122248,60.4,2.966
VERTISOLS,mixed,Clayey,B,60,9.27,8.03,8.65,7.92,,15.4805968,35.5,2.966
VERTISOLS,mixed,Clayey,B,100,8.53,7.95,7.88,7.84,,38.3447301,72.3,2.966
VERTISOLS,mixed,Clayey,B,100,8.05,7.59,7.75,7.7,,41.3566266,73.3,2.966
VERTISOLS,mixed,Clayey,C,200,9.14,7.98,8.04,7.87,2.4912651,41.7333153,46.3,2.966
VERTISOLS,mixed,Clayey,C,200,9.3,7.92,8.19,7.9,1.7751202,37.5756504,45.2,2.966
VERTISOLS,smectitic,Clayey,A,30,7.5,6.72,6.76,6.69,7.3578287,47.6414195,49.9,2.966
VERTISOLS,smectitic,Clayey,B,60,8.21,7.47,7.97,7.69,5.0984481,47.9657942,53.5,2.966
VERTISOLS,smectitic,Clayey,B,100,8.62,7.79,8,7.82,4.4507915,45.8804232,62.7,2.966
VERTISOLS,smectitic,Clayey,B,200,8.79,7.96,8.08,7.95,4.3861629,45.7353318,64.4,2.966
VERTISOLS,smectitic,Clayey,B,200,8.88,8.01,8.26,8.02,2.21392,29.8435952,65.5,2.966
VERTISOLS,smectitic,Coarse Loamy,C,200,8.42,7.55,8.18,7.37,3.2411018,34.12176,35.2,2.966
VERTISOLS,smectitic,Clayey,B,100,6.08,5.12,6.03,5.3,12.2214126,33.1508226,30.5,2.966
VERTISOLS,smectitic,Clayey,B,200,6.75,5.88,6.76,6.3,7.8602016,19.7575166,24.2,2.966
VERTISOLS,smectitic,Fine Silty,A,15,6.97,6.21,6.88,6.63,9.4769798,35.7769998,36.3,2.966
VERTISOLS,smectitic,Clayey,A,30,7.56,6.54,7.39,7.03,4.807978,40.2973276,42.4,2.966
VERTISOLS,smectitic,Clayey,A,60,7.88,6.75,7.78,7.16,4.1577461,38.4531109,45.4,2.966
VERTISOLS,smectitic,Clayey,B,100,8.4,7.43,8.01,7.41,3.5317891,36.171452,51.4,2.966
VERTISOLS,smectitic,Clayey,B,200,8.65,7.71,8.1,7.58,2.348135,33.4456594,56,2.966
VERTISOLS,smectitic,Clayey,B,200,8.72,7.75,8.21,7.64,2.2278869,36.1367454,67.2,2.966
VERTISOLS,smectitic,Clayey,B,200,8.72,7.76,8.28,7.71,4.6307172,35.7518358,49.6,2.966
VERTISOLS,smectitic,Clayey,B,350,8.48,7.39,7.88,7.53,3.0403601,34.5391494,42.6,2.966
VERTISOLS,smectitic,Clayey,A,30,8.7,7.7,8.16,7.58,,35.8640242,71.4,2.966
VERTISOLS,smectitic,Clayey,B,60,9.33,8.08,8.43,7.89,,35.9898399,71.8,2.966
VERTISOLS,smectitic,Clayey,B,100,8.85,8.03,7.98,7.87,,33.4727816,75.9,2.966
VERTISOLS,smectitic,Fine Loamy,A,15,4.91,4.33,5.25,4.28,18.8016608,18.7012414,10,2.966
VERTISOLS,smectitic,Fine Loamy,B,30,4.73,3.73,4.97,3.89,14.6138995,14.3003101,8,2.966
VERTISOLS,smectitic,Clayey,B,60,4.65,3.44,4.9,3.62,27.3883887,29.9300878,8.1,2.966
VERTISOLS,smectitic,Clayey,B,100,4.56,3.33,4.79,3.56,35.4754857,38.9007633,11.9,2.966
VERTISOLS,smectitic,Clayey,B,100,4.33,3.26,4.27,3.55,28.3799398,37.6509289,13.2,2.966
VERTISOLS,smectitic,Clayey,B,200,4.03,3.27,3.96,3.56,28.6663154,37.325861,19.3,2.966
VERTISOLS,smectitic,Clayey,C,200,4.02,3.51,3.93,3.66,19.3266159,21.3091006,14.7,2.966
