site_id,ecosite,ecostat,stratum,plantsym,cover
07CA630DWB006,2224,4F,SM,CEMO2,0.1
07CA630DWB006,2224,4F,SL,ERCA6,0.1
07CA630DWB006,2224,4F,TS,QUKE,0.1
07CA630DWB006,2224,4F,TR,PISA2,0.1
07CA630DWB006,2224,4F,TR,PIPO,0.1
07CA630DWB006,2224,4F,F,HIAL2,0.1
07CA630DWB006,2224,4F,G,AICA,1
07CA630DWB006,2224,4F,G,ELGL,1
07CA630DWB006,2224,4F,F,GALIU,1
07CA630DWB006,2224,4F,SM,HEAR5,2
07CA630DWB006,2224,4F,G,GAPH2,2
07CA630DWB006,2224,4F,TR,QUWI2,4
07CA630DWB006,2224,4F,TS,QUWI2,5
07CA630DWB006,2224,4F,SM,TODI,5
07CA630DWB006,2224,4F,TS,QUCH2,5
07CA630DWB006,2224,4F,TR,QUKE,5
07CA630DWB006,2224,4F,TM,PIPO,10
07CA630DWB006,2224,4F,SM,ADFA,15
07CA630DWB006,2224,4F,SM,ARCTO3,85
07CA630DWB016,2224,3F,TR,QUKE,0.1
07CA630DWB016,2224,3F,TR,QUWI2,0.1
07CA630DWB016,2224,3F,TR,PIPO,0.1
07CA630DWB016,2224,3F,F,GAAP2,0.1
07CA630DWB016,2224,3F,G,GAPH2,0.1
07CA630DWB016,2224,3F,G,ELEL5,0.1
07CA630DWB016,2224,3F,G,AICA,0.1
07CA630DWB016,2224,3F,TS,PILA,0.1
07CA630DWB016,2224,3F,SM,CECU,5
07CA630DWB016,2224,3F,TS,QUWI2,5
07CA630DWB016,2224,3F,SM,TODI,5
07CA630DWB016,2224,3F,TS,PIPO,5
07CA630DWB016,2224,3F,TS,QUKE,10
07CA630DWB016,2224,3F,SM,HEAR5,10
07CA630DWB016,2224,3F,SD,CHFO,15
07CA630DWB016,2224,3F,ST,ARCTO3,65
07CA630DWB030,2224,3F,TR,QUCH2,0.1
07CA630DWB030,2224,3F,TS,QUWI2,0.1
07CA630DWB030,2224,3F,G,VUMY,0.1
07CA630DWB030,2224,3F,SM,ARCTO3,0.1
07CA630DWB030,2224,3F,SL,CECU,5
07CA630DWB030,2224,3F,SM,TODI,8
07CA630DWB030,2224,3F,TM,PIPO,10
07CA630DWB030,2224,3F,SL,CHFO,10
07CA630DWB030,2224,3F,ST,HEAR5,15
07CA630DWB030,2224,3F,TM,QUCH2,15
07CA630DWB030,2224,3F,TM,QUKE,20
07CA630DWB030,2224,3F,SM,LOSC2,40
07CA630RJV042,2224,1,G,ELEL5,0.1
07CA630RJV042,2224,1,F,CALOC,0.1
07CA630RJV042,2224,1,G,CYEC,0.1
07CA630RJV042,2224,1,G,AICA,0.1
07CA630RJV042,2224,1,TR,QUKE,0.1
07CA630RJV042,2224,1,TR,PIPO,0.1
07CA630RJV042,2224,1,G,VUMY,0.1
07CA630RJV042,2224,1,SD,CHFO,1
07CA630RJV042,2224,1,SD,LONIC,1
07CA630RJV042,2224,1,G,BRCA5,1
07CA630RJV042,2224,1,TS,PIPO,2
07CA630RJV042,2224,1,SM,CEIN3,3
07CA630RJV042,2224,1,G,ELGL,4
07CA630RJV042,2224,1,F,GALIU,4
07CA630RJV042,2224,1,TM,QUCH2,5
07CA630RJV042,2224,1,TR,QUCH2,5
07CA630RJV042,2224,1,TS,QUKE,5
07CA630RJV042,2224,1,SL,TODI,10
07CA630RJV042,2224,1,TS,QUBE5,10
07CA630RJV042,2224,1,SM,HEAR5,15
07CA630RJV042,2224,1,TT,PIPO,15
07CA630RJV042,2224,1,TS,QUCH2,20
07CA630RJV042,2224,1,SM,ARCTO3,25
07CA630SKC005,2213,3TU,TR,PIPO,0.1
07CA630SKC005,2213,3TU,G,CYEC,0.1
07CA630SKC005,2213,3TU,TM,PSME,0.1
07CA630SKC005,2213,3TU,TR,PILA,0.1
07CA630SKC005,2213,3TU,ST,ARCTO3,0.1
07CA630SKC005,2213,3TU,G,FEOC,0.1
07CA630SKC005,2213,3TU,TR,PSME,0.1
07CA630SKC005,2213,3TU,TR,QUKE,1
07CA630SKC005,2213,3TU,G,BRCA5,2
07CA630SKC005,2213,3TU,G,ELGL,4
07CA630SKC005,2213,3TU,TS,PIPO,5
07CA630SKC005,2213,3TU,TR,CADE27,5
07CA630SKC005,2213,3TU,TM,PIPO,10
07CA630SKC005,2213,3TU,TT,PILA,10
07CA630SKC005,2213,3TU,TM,CADE27,10
07CA630SKC005,2213,3TU,TT,PIPO,10
07CA630SKC005,2213,3TU,F,SILEN,10
07CA630SKC005,2213,3TU,TT,PSME,15
07CA630SKC005,2213,3TU,TS,CADE27,15
07CA630SKC005,2213,3TU,SL,CHFO,65
07CA630SMM014,2213,4TO,F,CEOC,0.1
07CA630SMM014,2213,4TO,F,LASE,0.1
07CA630SMM014,2213,4TO,TS,PILA,0.1
07CA630SMM014,2213,4TO,G,VUMIP,0.1
07CA630SMM014,2213,4TO,TS,CADE27,0.1
07CA630SMM014,2213,4TO,TR,PILA,0.1
07CA630SMM014,2213,4TO,G,ELGL,0.1
07CA630SMM014,2213,4TO,TM,PSME,0.1
07CA630SMM014,2213,4TO,TS,ABCO,0.1
07CA630SMM014,2213,4TO,F,AGOSE,2
07CA630SMM014,2213,4TO,TM,QUKE,2
07CA630SMM014,2213,4TO,G,BRCA5,5
07CA630SMM014,2213,4TO,G,BRST2,5
07CA630SMM014,2213,4TO,TM,PILA,5
07CA630SMM014,2213,4TO,TM,PIPO,10
07CA630SMM014,2213,4TO,SM,ARCTO3,15
07CA630SMM014,2213,4TO,F,SILEN,15
07CA630SMM014,2213,4TO,TR,PIPO,25
07CA630SMM014,2213,4TO,TS,PIPO,30
07CA630SMM014,2213,4TO,SL,CHFO,35
07CA630SMM016,2213,3TU,SM,RULE,0.1
07CA630SMM016,2213,3TU,TM,PSME,0.1
07CA630SMM016,2213,3TU,TR,PILA,0.1
07CA630SMM016,2213,3TU,F,SILEN,0.1
07CA630SMM016,2213,3TU,TM,ABCO,0.1
07CA630SMM016,2213,3TU,TS,ABCO,0.1
07CA630SMM016,2213,3TU,TR,QUKE,0.1
07CA630SMM016,2213,3TU,SL,ARCTO3,0.1
07CA630SMM016,2213,3TU,G,VUMY,1
07CA630SMM016,2213,3TU,G,AICA,1
07CA630SMM016,2213,3TU,F,HIAL2,2
07CA630SMM016,2213,3TU,TR,ABCO,5
07CA630SMM016,2213,3TU,G,CYEC,5
07CA630SMM016,2213,3TU,TT,PILA,5
07CA630SMM016,2213,3TU,TM,CADE27,5
07CA630SMM016,2213,3TU,G,BRCA5,5
07CA630SMM016,2213,3TU,SM,RIRO,10
07CA630SMM016,2213,3TU,TR,PIPO,10
07CA630SMM016,2213,3TU,TS,CADE27,10
07CA630SMM016,2213,3TU,TT,ABCO,10
07CA630SMM016,2213,3TU,TR,PSME,10
07CA630SMM016,2213,3TU,TT,PSARM,15
07CA630SMM016,2213,3TU,TM,PIPO,15
07CA630SMM016,2213,3TU,TR,CADE27,25
07CA630SMM016,2213,3TU,TT,PIPO,35
07CA630SMM016,2213,3TU,SM,CHFO,60
07CA630SMM017,2214,4TU,G,BRCA5,0.1
07CA630SMM017,2214,4TU,G,ELGL,0.1
07CA630SMM017,2214,4TU,TR,PSME,0.1
07CA630SMM017,2214,4TU,F,SANIC,0.1
07CA630SMM017,2214,4TU,TR,QUKE,0.1
07CA630SMM017,2214,4TU,SL,ROGY,0.1
07CA630SMM017,2214,4TU,TM,CADE27,0.1
07CA630SMM017,2214,4TU,F,PTAQ,0.1
07CA630SMM017,2214,4TU,SM,CEIN3,1
07CA630SMM017,2214,4TU,SL,RIRO,1
07CA630SMM017,2214,4TU,SD,CHFO,1
07CA630SMM017,2214,4TU,SM,LONIC,1
07CA630SMM017,2214,4TU,SL,RINE,1
07CA630SMM017,2214,4TU,TR,CORNU,2
07CA630SMM017,2214,4TU,SM,ARCTO3,2
07CA630SMM017,2214,4TU,TS,CORNU,2
07CA630SMM017,2214,4TU,TT,PSME,5
07CA630SMM017,2214,4TU,TT,QUKE,5
07CA630SMM017,2214,4TU,TS,PSME,10
07CA630SMM017,2214,4TU,SM,TODI,10
07CA630SMM017,2214,4TU,TR,PIPO,15
07CA630SMM017,2214,4TU,TR,CADE27,20
07CA630SMM017,2214,4TU,TS,CADE27,30
07CA630SMM017,2214,4TU,TS,PIPO,30
07CA630SMM018,2201,1,F,GAAP2,0.1
07CA630SMM018,2201,1,SL,CEMO2,0.1
07CA630SMM018,2201,1,SL,ERCA6,0.1
07CA630SMM018,2201,1,G,BRRU2,0.1
07CA630SMM018,2201,1,F,LOTUS,0.1
07CA630SMM018,2201,1,G,AICA,0.1
07CA630SMM018,2201,1,F,PLAGI,0.1
07CA630SMM018,2201,1,F,2FA,0.1
07CA630SMM018,2201,1,G,GAPH2,0.1
07CA630SMM018,2201,1,F,BRODI,0.1
07CA630SMM018,2201,1,TS,QUCH2,0.2
07CA630SMM018,2201,1,G,BRDI3,1
07CA630SMM018,2201,1,G,BRHO2,2
07CA630SMM018,2201,1,F,POLYG4,2
07CA630SMM018,2201,1,F,SEHA2,2
07CA630SMM018,2201,1,F,CEME2,4
07CA630SMM018,2201,1,SM,CECU,15
07CA630SMM018,2201,1,F,SILEN,20
07CA630SMM018,2201,1,G,VULPI,30
07CA630SMM019,2213,3TU,SD,SYAL,0.1
07CA630SMM019,2213,3TU,TR,QUKE,0.1
07CA630SMM019,2213,3TU,SD,LOIN5,3
07CA630SMM019,2213,3TU,TT,PIPO,5
07CA630SMM019,2213,3TU,TR,PSME,5
07CA630SMM019,2213,3TU,SD,ROCA2,5
07CA630SMM019,2213,3TU,TR,PILA,5
07CA630SMM019,2213,3TU,TR,CADE27,8
07CA630SMM019,2213,3TU,TM,PSME,15
07CA630SMM019,2213,3TU,TT,PILA,15
07CA630SMM019,2213,3TU,TM,ABCO,25
07CA630SMM019,2213,3TU,TR,CORNU,25
07CA630SMM019,2213,3TU,TT,PSME,35
07CA630SMM019,2213,3TU,TT,ABCO,45
07CA630SMM019,2213,3TU,TM,CADE27,60
07CA630SMM020,2213,3TU,F,SILEN,0.1
07CA630SMM020,2213,3TU,SM,ARCTO3,0.1
07CA630SMM020,2213,3TU,TR,PILA,0.1
07CA630SMM020,2213,3TU,TS,PIPO,0.1
07CA630SMM020,2213,3TU,TR,QUKE,0.1
07CA630SMM020,2213,3TU,TR,PIPO,1
07CA630SMM020,2213,3TU,TT,QUKE,1
07CA630SMM020,2213,3TU,G,FEOC,2
07CA630SMM020,2213,3TU,G,BRCA5,4
07CA630SMM020,2213,3TU,SM,RIRO,5
07CA630SMM020,2213,3TU,TT,PILA,5
07CA630SMM020,2213,3TU,TM,ABCO,5
07CA630SMM020,2213,3TU,TT,ABCO,5
07CA630SMM020,2213,3TU,TR,ABCO,5
07CA630SMM020,2213,3TU,TM,CADE27,10
07CA630SMM020,2213,3TU,TS,CADE27,10
07CA630SMM020,2213,3TU,TM,PSME,10
07CA630SMM020,2213,3TU,TR,PSME,10
07CA630SMM020,2213,3TU,TT,PSME,15
07CA630SMM020,2213,3TU,TR,CADE27,20
07CA630SMM020,2213,3TU,TT,PIPO,30
07CA630SMM020,2213,3TU,SM,CHFO,65
07CA630SMM022,2213,3TU,SL,ROCA2,0.1
07CA630SMM022,2213,3TU,F,PYPI2,0.1
07CA630SMM022,2213,3TU,G,BRCA5,0.1
07CA630SMM022,2213,3TU,SD,TODI,0.1
07CA630SMM022,2213,3TU,TR,PSME,0.1
07CA630SMM022,2213,3TU,TR,QUKE,0.1
07CA630SMM022,2213,3TU,SD,RIRO,1
07CA630SMM022,2213,3TU,TR,CADE27,2
07CA630SMM022,2213,3TU,TM,CADE27,3
07CA630SMM022,2213,3TU,TS,CADE27,4
07CA630SMM022,2213,3TU,TM,QUKE,5
07CA630SMM022,2213,3TU,TM,PIPO,5
07CA630SMM022,2213,3TU,TT,ABCO,5
07CA630SMM022,2213,3TU,TR,ABCO,7
07CA630SMM022,2213,3TU,TT,CADE27,7
07CA630SMM022,2213,3TU,TT,PIPO,7
07CA630SMM022,2213,3TU,TT,QUKE,10
07CA630SMM022,2213,3TU,TT,PSME,15
07CA630SMM022,2213,3TU,TS,ABCO,15
07CA630SMM023,2213,3TO,TS,QUKE,0.1
07CA630SMM023,2213,3TO,F,PYPI2,0.1
07CA630SMM023,2213,3TO,G,ELGL,0.1
07CA630SMM023,2213,3TO,F,RIRO,0.1
07CA630SMM023,2213,3TO,G,BRCA5,0.1
07CA630SMM023,2213,3TO,SM,RHAMN,0.1
07CA630SMM023,2213,3TO,SL,RINE,0.1
07CA630SMM023,2213,3TO,TR,CADE27,1
07CA630SMM023,2213,3TO,TS,CADE27,1
07CA630SMM023,2213,3TO,TR,QUCH2,2
07CA630SMM023,2213,3TO,TR,QUKE,5
07CA630SMM023,2213,3TO,TM,CADE27,5
07CA630SMM023,2213,3TO,TM,QUKE,5
07CA630SMM023,2213,3TO,TM,PIPO,15
07CA630SMM023,2213,3TO,TR,PIPO,25
07CA630SMM023,2213,3TO,TS,PIPO,25
07CA630SMM023,2213,3TO,SL,CHFO,50
07CA630SMM024,2213,4TO,TR,QUKE,0.1
07CA630SMM024,2213,4TO,TS,ABCO,0.1
07CA630SMM024,2213,4TO,SM,CEIN,0.1
07CA630SMM024,2213,4TO,TR,PSME,0.1
07CA630SMM024,2213,4TO,F,PYPI2,0.1
07CA630SMM024,2213,4TO,G,BRCA5,1
07CA630SMM024,2213,4TO,TS,PSME,5
07CA630SMM024,2213,4TO,TM,CADE27,5
07CA630SMM024,2213,4TO,TS,CADE27,5
07CA630SMM024,2213,4TO,F,HIAL2,5
07CA630SMM024,2213,4TO,TR,PIPO,10
07CA630SMM024,2213,4TO,TR,PILA,10
07CA630SMM024,2213,4TO,TT,PILA,10
07CA630SMM024,2213,4TO,TM,PIPO,10
07CA630SMM024,2213,4TO,TM,PSME,10
07CA630SMM024,2213,4TO,TS,PILA,15
07CA630SMM024,2213,4TO,TM,PILA,20
07CA630SMM024,2213,4TO,TR,CADE27,25
07CA630SMM024,2213,4TO,SL,CHFO,30
07CA630SMM025,2211,3TO,TR,QUKE,0.1
07CA630SMM025,2211,3TO,F,ADBI,0.1
07CA630SMM025,2211,3TO,TS,PSME,0.1
07CA630SMM025,2211,3TO,SL,ROGY,0.1
07CA630SMM025,2211,3TO,F,HIAL2,0.1
07CA630SMM025,2211,3TO,TR,CORNU,1
07CA630SMM025,2211,3TO,F,PTAQ,2
07CA630SMM025,2211,3TO,TR,ABCO,2
07CA630SMM025,2211,3TO,TT,PILA,5
07CA630SMM025,2211,3TO,TS,ABCO,5
07CA630SMM025,2211,3TO,TR,CADE27,5
07CA630SMM025,2211,3TO,TM,QUKE,10
07CA630SMM025,2211,3TO,TT,CADE27,10
07CA630SMM025,2211,3TO,TM,PSME,25
07CA630SMM025,2211,3TO,TT,PSME,35
07CA630SMM026,2211,3TU,G,LOPEM2,0.1
07CA630SMM026,2211,3TU,F,LUPIN,0.1
07CA630SMM026,2211,3TU,F,SIDAL,0.1
07CA630SMM026,2211,3TU,SD,TODI,1
07CA630SMM026,2211,3TU,TR,PILA,1
07CA630SMM026,2211,3TU,TS,ABCO,1
07CA630SMM026,2211,3TU,TS,PSME,1
07CA630SMM026,2211,3TU,F,GACA3,1
07CA630SMM026,2211,3TU,TS,QUKE,2
07CA630SMM026,2211,3TU,TR,CADE27,2
07CA630SMM026,2211,3TU,TS,PIPO,10
07CA630SMM026,2211,3TU,SD,CHFO,67
07CA630SMM028,2211,3TU,TR,CADE27,2
07CA630SMM028,2211,3TU,TS,CADE27,10
07CA630SMM028,2211,3TU,TS,PSME,15
07CA630SMM028,2211,3TU,TT,PIPO,20
07CA630SMM028,2211,3TU,TT,PILA,30
07CA630SMM028,2211,3TU,TT,PSME,30
07CA630SMM031,2213,3TO,SM,RINE,0.1
07CA630SMM031,2213,3TO,TR,QUCH2,0.1
07CA630SMM031,2213,3TO,F,GOOB2,0.1
07CA630SMM031,2213,3TO,TM,ACMA3,0.1
07CA630SMM031,2213,3TO,G,BRCA5,0.1
07CA630SMM031,2213,3TO,F,ADBI,1
07CA630SMM031,2213,3TO,TT,ABCO,5
07CA630SMM031,2213,3TO,TM,ABCO,5
07CA630SMM031,2213,3TO,TS,ACMA3,5
07CA630SMM031,2213,3TO,TS,PSME,5
07CA630SMM031,2213,3TO,TT,PILA,5
07CA630SMM031,2213,3TO,TS,CORNU,10
07CA630SMM031,2213,3TO,TR,ACMA3,15
07CA630SMM031,2213,3TO,TS,CADE27,15
07CA630SMM031,2213,3TO,TM,CADE27,15
07CA630SMM031,2213,3TO,TR,PSME,15
07CA630SMM031,2213,3TO,TR,ABCO,15
07CA630SMM031,2213,3TO,TS,ABCO,15
07CA630SMM031,2213,3TO,TT,CADE27,15
07CA630SMM031,2213,3TO,TT,PSME,20
07CA630SMM031,2213,3TO,TM,PSME,20
07CA630SMM031,2213,3TO,TR,CADE27,25
07CA630SMM031,2213,3TO,TR,CORNU,30
07CA630SMM032,2213,3TO,TT,CADE27,0.1
07CA630SMM032,2213,3TO,SM,RULE,0.1
07CA630SMM032,2213,3TO,TR,QUKE,0.1
07CA630SMM032,2213,3TO,G,BRCA5,0.1
07CA630SMM032,2213,3TO,F,LATHY,0.1
07CA630SMM032,2213,3TO,F,HIAL2,0.1
07CA630SMM032,2213,3TO,TR,ARMA,0.1
07CA630SMM032,2213,3TO,TR,ACMA3,1
07CA630SMM032,2213,3TO,TR,PSME,2
07CA630SMM032,2213,3TO,TR,ABCO,2
07CA630SMM032,2213,3TO,SM,CEIN3,2
07CA630SMM032,2213,3TO,SL,CHFO,2
07CA630SMM032,2213,3TO,SM,RINE,2
07CA630SMM032,2213,3TO,TR,CADE27,5
07CA630SMM032,2213,3TO,TT,PILA,5
07CA630SMM032,2213,3TO,TS,CADE27,10
07CA630SMM032,2213,3TO,TR,CORNU,10
07CA630SMM032,2213,3TO,TM,CADE27,10
07CA630SMM032,2213,3TO,TT,PSME,15
07CA630SMM032,2213,3TO,TT,ABCO,15
07CA630SMM032,2213,3TO,TM,PSME,15
07CA630SMM032,2213,3TO,TM,ABCO,15
07CA630SMM032,2213,3TO,TS,CORNU,15
07CA630SMM033,2213,5TO,SL,LOHIV,0.1
07CA630SMM033,2213,5TO,TR,ABCO,0.1
07CA630SMM033,2213,5TO,G,BRTE,0.1
07CA630SMM033,2213,5TO,F,LASE,0.1
07CA630SMM033,2213,5TO,TR,CADE27,0.1
07CA630SMM033,2213,5TO,G,ELGL,0.1
07CA630SMM033,2213,5TO,G,BRCA5,0.1
07CA630SMM033,2213,5TO,SD,CHFO,0.1
07CA630SMM033,2213,5TO,TR,PIPO,1
07CA630SMM033,2213,5TO,SL,RIRO,2
07CA630SMM033,2213,5TO,F,CIVU,5
07CA630SMM033,2213,5TO,SM,CEIN3,5
07CA630SMM033,2213,5TO,TM,QUKE,5
07CA630SMM033,2213,5TO,TS,ABCO,5
07CA630SMM034,2211,2TO,TR,QUKE,2
07CA630SMM034,2211,2TO,TM,ABCO,15
07CA630SMM034,2211,2TO,TR,CADE27,15
07CA630SMM034,2211,2TO,TR,PSME,15
07CA630SMM034,2211,2TO,TM,CADE27,20
07CA630SMM034,2211,2TO,TM,PIPO,25
07CA630SMM034,2211,2TO,TM,PSME,35
07CA630SMM034,2211,2TO,SD,CHFO,80
07CA630SMM035,2213,2TO,TS,ABCO,0.1
07CA630SMM035,2213,2TO,TR,PIPO,0.1
07CA630SMM035,2213,2TO,G,ELGL,0.1
07CA630SMM035,2213,2TO,TR,QUKE,0.1
07CA630SMM035,2213,2TO,TT,ABCO,0.1
07CA630SMM035,2213,2TO,TR,PILA,0.1
07CA630SMM035,2213,2TO,TT,CADE27,0.1
07CA630SMM035,2213,2TO,G,FEOC,0.1
07CA630SMM035,2213,2TO,F,ADBI,0.1
07CA630SMM035,2213,2TO,SL,LOHIV,0.1
07CA630SMM035,2213,2TO,G,CYEC,1
07CA630SMM035,2213,2TO,F,SANIC,2
07CA630SMM035,2213,2TO,TM,ABCO,2
07CA630SMM035,2213,2TO,TM,PIPO,5
07CA630SMM035,2213,2TO,TM,CADE27,5
07CA630SMM035,2213,2TO,TM,PILA,5
07CA630SMM035,2213,2TO,TR,CADE27,10
07CA630SMM035,2213,2TO,TS,CADE27,10
07CA630SMM035,2213,2TO,TT,PILA,10
07CA630SMM035,2213,2TO,TR,ABCO,15
07CA630SMM035,2213,2TO,TT,PIPO,20
07CA630SMM035,2213,2TO,SL,CHFO,25
07CA630SMM036,2213,3TU,TS,ABCO,0.1
07CA630SMM036,2213,3TU,TR,PILA,0.1
07CA630SMM036,2213,3TU,F,ADBI,0.1
07CA630SMM036,2213,3TU,TM,QUKE,0.1
07CA630SMM036,2213,3TU,F,VICIA,0.1
07CA630SMM036,2213,3TU,F,SILEN,0.1
07CA630SMM036,2213,3TU,G,FEOC,0.1
07CA630SMM036,2213,3TU,G,ELGL,0.1
07CA630SMM036,2213,3TU,SL,ARCTO3,0.1
07CA630SMM036,2213,3TU,TM,PILA,0.1
07CA630SMM036,2213,3TU,G,AICA,1
07CA630SMM036,2213,3TU,G,CYEC,1
07CA630SMM036,2213,3TU,TM,PSME,5
07CA630SMM036,2213,3TU,SL,RIRO,5
07CA630SMM036,2213,3TU,TM,ABCO,5
07CA630SMM036,2213,3TU,TT,ABCO,10
07CA630SMM036,2213,3TU,TT,PSME,10
07CA630SMM036,2213,3TU,TR,PSME,10
07CA630SMM036,2213,3TU,TM,CADE27,10
07CA630SMM036,2213,3TU,TS,CADE27,10
07CA630SMM036,2213,3TU,TR,CADE27,10
07CA630SMM036,2213,3TU,TT,PIPO,10
07CA630SMM036,2213,3TU,TM,PIPO,10
07CA630SMM036,2213,3TU,TR,PIPO,10
07CA630SMM036,2213,3TU,TR,ABCO,15
07CA630SMM036,2213,3TU,TT,PILA,15
07CA630SMM036,2213,3TU,SL,CHFO,50
07CA630SMM037,2213,2TU,TR,PILA,0.1
07CA630SMM037,2213,2TU,F,LASE,0.1
07CA630SMM037,2213,2TU,G,ELGL,0.1
07CA630SMM037,2213,2TU,SL,LOHIV,0.1
07CA630SMM037,2213,2TU,G,BRCA5,0.1
07CA630SMM037,2213,2TU,TR,PIPO,0.1
07CA630SMM037,2213,2TU,F,SILEN,0.1
07CA630SMM037,2213,2TU,TM,ABCO,5
07CA630SMM037,2213,2TU,TR,ABCO,5
07CA630SMM037,2213,2TU,TM,PIPO,5
07CA630SMM037,2213,2TU,TT,PIPO,5
07CA630SMM037,2213,2TU,TS,ABCO,5
07CA630SMM037,2213,2TU,TT,CADE27,5
07CA630SMM037,2213,2TU,TT,PILA,5
07CA630SMM037,2213,2TU,TR,CADE27,10
07CA630SMM037,2213,2TU,SD,CHFO,10
07CA630SMM037,2213,2TU,TR,PSME,10
07CA630SMM037,2213,2TU,TM,CADE27,10
07CA630SMM037,2213,2TU,TT,PSME,15
07CA630SMM037,2213,2TU,TM,PSME,25
07CA630SMM038,2213,2TO,SL,ARMA,0.1
07CA630SMM038,2213,2TO,G,ELEL5,0.1
07CA630SMM038,2213,2TO,TM,PIPO,0.1
07CA630SMM038,2213,2TO,TS,ABCO,0.1
07CA630SMM038,2213,2TO,F,SILEN,0.1
07CA630SMM038,2213,2TO,G,BRST2,0.1
07CA630SMM038,2213,2TO,G,BRRU2,0.1
07CA630SMM038,2213,2TO,TR,QUKE,1
07CA630SMM038,2213,2TO,G,VUMY,2
07CA630SMM038,2213,2TO,TR,QUCH2,2
07CA630SMM038,2213,2TO,G,ELGL,2
07CA630SMM038,2213,2TO,G,CYEC,5
07CA630SMM038,2213,2TO,G,POSE,5
07CA630SMM038,2213,2TO,G,VUMIP,5
07CA630SMM038,2213,2TO,TM,CADE27,5
07CA630SMM038,2213,2TO,TM,QUKE,15
07CA630SMM038,2213,2TO,TT,PIPO,50
07CA630SMM038,2213,2TO,SL,CHFO,75
07CA630SMM039,2213,3TO,TR,QUKE,0.1
07CA630SMM039,2213,3TO,SL,CECU,0.1
07CA630SMM039,2213,3TO,G,VUMY,0.1
07CA630SMM039,2213,3TO,TR,PIPO,0.1
07CA630SMM039,2213,3TO,G,ELGL,0.1
07CA630SMM039,2213,3TO,G,BRHO2,0.1
07CA630SMM039,2213,3TO,TR,CADE27,0.1
07CA630SMM039,2213,3TO,G,BRST2,0.1
07CA630SMM039,2213,3TO,F,SANIC,0.1
07CA630SMM039,2213,3TO,F,VICIA,0.1
07CA630SMM039,2213,3TO,F,GALIU,1
07CA630SMM039,2213,3TO,F,LATHY,1
07CA630SMM039,2213,3TO,G,MELIC,2
07CA630SMM039,2213,3TO,G,BRTE,2
07CA630SMM039,2213,3TO,TS,QUKE,5
07CA630SMM039,2213,3TO,SL,ARCTO3,5
07CA630SMM039,2213,3TO,G,AICA,5
07CA630SMM039,2213,3TO,G,CYEC,10
07CA630SMM039,2213,3TO,TM,PIPO,15
07CA630SMM039,2213,3TO,TT,PIPO,25
07CA630SMM039,2213,3TO,SD,CHFO,60
07CA630SMM040,2213,1,TR,QUKE,0.5
07CA630SMM040,2213,1,TR,QUCH2,0.5
07CA630SMM040,2213,1,SM,ARMA,3
07CA630SMM040,2213,1,TS,CADE27,15
07CA630SMM040,2213,1,TS,PIPO,15
07CA630SMM040,2213,1,TT,PIPO,30
07CA630SMM040,2213,1,TM,PIPO,30
07CA630SMM040,2213,1,SL,CHFO,95
07CA630SMM041,2213,3TO,TR,ABCO,0.1
07CA630SMM041,2213,3TO,G,BRCA5,0.1
07CA630SMM041,2213,3TO,SD,ROCA2,0.1
07CA630SMM041,2213,3TO,F,GALIU,0.1
07CA630SMM041,2213,3TO,G,BRDI3,0.1
07CA630SMM041,2213,3TO,F,MIMUL,0.1
07CA630SMM041,2213,3TO,SL,ARCTO3,0.1
07CA630SMM041,2213,3TO,SL,RIRO,0.1
07CA630SMM041,2213,3TO,TR,PIPO,0.1
07CA630SMM041,2213,3TO,TR,QUCH2,0.1
07CA630SMM041,2213,3TO,TR,QUKE,0.1
07CA630SMM041,2213,3TO,G,CYEC,1
07CA630SMM041,2213,3TO,G,POA,1
07CA630SMM041,2213,3TO,TM,PIPO,2
07CA630SMM041,2213,3TO,G,VUMY,2
07CA630SMM041,2213,3TO,G,BRRU2,2
07CA630SMM041,2213,3TO,TT,CADE27,3
07CA630SMM041,2213,3TO,TR,CADE27,4
07CA630SMM041,2213,3TO,TS,CADE27,5
07CA630SMM041,2213,3TO,TM,ABCO,5
07CA630SMM041,2213,3TO,TM,CADE27,7
07CA630SMM041,2213,3TO,G,ELGL,10
07CA630SMM041,2213,3TO,TM,QUKE,10
07CA630SMM041,2213,3TO,SD,LONIC,15
07CA630SMM041,2213,3TO,SM,CHFO,60
07CA630SMM042,2213,3TU,TR,PILA,0.1
07CA630SMM042,2213,3TU,TR,ARME,0.1
07CA630SMM042,2213,3TU,SL,ARGL4,0.1
07CA630SMM042,2213,3TU,F,PYPI2,0.1
07CA630SMM042,2213,3TU,SL,RIRO,0.1
07CA630SMM042,2213,3TU,G,ELGL,0.1
07CA630SMM042,2213,3TU,F,DICA14,0.1
07CA630SMM042,2213,3TU,G,BRCA5,0.1
07CA630SMM042,2213,3TU,TR,QUKE,0.1
07CA630SMM042,2213,3TU,F,ADBI,0.1
07CA630SMM042,2213,3TU,G,TACA8,0.1
07CA630SMM042,2213,3TU,F,EPBR3,0.1
07CA630SMM042,2213,3TU,G,CAREX,0.1
07CA630SMM042,2213,3TU,SL,ROCA2,0.1
07CA630SMM042,2213,3TU,G,FEOC,0.1
07CA630SMM042,2213,3TU,SL,HEAR5,0.1
07CA630SMM042,2213,3TU,TR,ABCO,1
07CA630SMM042,2213,3TU,SL,ARVI4,1
07CA630SMM042,2213,3TU,SL,CHFO,2
07CA630SMM042,2213,3TU,TS,ABCO,5
07CA630SMM042,2213,3TU,G,CEIN3,5
07CA630SMM042,2213,3TU,TT,PIPO,5
07CA630SMM042,2213,3TU,TR,CADE27,20
07CA630SMM042,2213,3TU,TT,CADE27,25
07CA630SMM042,2213,3TU,TT,ABCO,30
07CA630SMM042,2213,3TU,TS,CADE27,35
07CA630SMM046,2213,3TO,F,SILEN,0.1
07CA630SMM046,2213,3TO,F,AGOSE,0.1
07CA630SMM046,2213,3TO,G,CYEC,0.1
07CA630SMM046,2213,3TO,TT,CADE27,1
07CA630SMM046,2213,3TO,TT,PILA,1
07CA630SMM046,2213,3TO,TR,QUKE,2
07CA630SMM046,2213,3TO,TM,CADE27,5
07CA630SMM046,2213,3TO,G,FEOC,5
07CA630SMM046,2213,3TO,TM,QUKE,5
07CA630SMM046,2213,3TO,TS,QUKE,5
07CA630SMM046,2213,3TO,TS,CADE27,5
07CA630SMM046,2213,3TO,TR,CADE27,10
07CA630SMM046,2213,3TO,TR,PIPO,10
07CA630SMM046,2213,3TO,TS,PIPO,10
07CA630SMM046,2213,3TO,TM,PIPO,10
07CA630SMM046,2213,3TO,SM,ARCTO3,15
07CA630SMM046,2213,3TO,TT,PIPO,15
07CA630SMM046,2213,3TO,SL,CHFO,60
07CA630SMM047,2211,3TO,TR,CADE27,0.1
07CA630SMM047,2211,3TO,TS,CADE27,0.1
07CA630SMM047,2211,3TO,TR,QUKE,0.1
07CA630SMM047,2211,3TO,SL,ROGY,0.1
07CA630SMM047,2211,3TO,F,SANIC,0.1
07CA630SMM047,2211,3TO,F,HIAL2,1
07CA630SMM047,2211,3TO,SM,RUDI2,1
07CA630SMM047,2211,3TO,TM,QUKE,2
07CA630SMM047,2211,3TO,TS,PSME,5
07CA630SMM047,2211,3TO,TR,CORNU,5
07CA630SMM047,2211,3TO,TT,ABCO,5
07CA630SMM047,2211,3TO,SM,TODI,10
07CA630SMM047,2211,3TO,ST,LOHIV,15
07CA630SMM047,2211,3TO,F,PTAQ,15
07CA630SMM047,2211,3TO,F,ADBI,15
07CA630SMM047,2211,3TO,TM,PSME,20
07CA630SMM047,2211,3TO,SM,RUDI2,25
07CA630SMM047,2211,3TO,TT,PSME,35
07CA630SMM048,2211,3TO,F,SANIC,0.1
07CA630SMM048,2211,3TO,TR,PSME,0.1
07CA630SMM048,2211,3TO,SL,ROGY,0.1
07CA630SMM048,2211,3TO,TR,QUCH2,0.1
07CA630SMM048,2211,3TO,F,GALIU,0.1
07CA630SMM048,2211,3TO,G,BRCA5,0.1
07CA630SMM048,2211,3TO,G,CYEC,0.1
07CA630SMM048,2211,3TO,F,ADBI,0.1
07CA630SMM048,2211,3TO,SD,RIRO,0.1
07CA630SMM048,2211,3TO,TR,CADE27,0.1
07CA630SMM048,2211,3TO,TS,QUCH2,1
07CA630SMM048,2211,3TO,TS,CADE27,2
07CA630SMM048,2211,3TO,TR,CORNU,2
07CA630SMM048,2211,3TO,TT,PILA,5
07CA630SMM048,2211,3TO,TT,PIPO,5
07CA630SMM048,2211,3TO,SM,LOHIV,5
07CA630SMM048,2211,3TO,TS,PSME,5
07CA630SMM048,2211,3TO,TM,PIPO,10
07CA630SMM048,2211,3TO,SL,CHFO,10
07CA630SMM048,2211,3TO,TM,PSME,15
07CA630SMM048,2211,3TO,TT,PSME,25
07CA630SMM048,2211,3TO,SL,TODI,35
08CA630DWB003,2224,3U,F,SILEN,0.1
08CA630DWB003,2224,3U,SD,ADFA,0.1
08CA630DWB003,2224,3U,F,CASTI2,0.1
08CA630DWB003,2224,3U,G,BRRU2,0.1
08CA630DWB003,2224,3U,F,HYGL2,0.1
08CA630DWB003,2224,3U,SD,FRCAC5,0.1
08CA630DWB003,2224,3U,SD,TODI,0.1
08CA630DWB003,2224,3U,G,ELEL5,0.1
08CA630DWB003,2224,3U,F,GAAP2,0.1
08CA630DWB003,2224,3U,G,GAPH2,0.1
08CA630DWB003,2224,3U,TR,QUKE,0.1
08CA630DWB003,2224,3U,G,VUMY,0.1
08CA630DWB003,2224,3U,G,AICA,0.1
08CA630DWB003,2224,3U,TR,QUWI2,0.1
08CA630DWB003,2224,3U,SD,ARCTO3,1
08CA630DWB003,2224,3U,TS,PIPO,45
08CA630SMM008,2221,2G,F,SILEN,0.1
08CA630SMM008,2221,2G,F,HYGL2,0.1
08CA630SMM008,2221,2G,SD,TODI,1
08CA630SMM008,2221,2G,TR,QUWI2,1
08CA630SMM008,2221,2G,G,CYEC,1
08CA630SMM008,2221,2G,F,CLPE,1
08CA630SMM008,2221,2G,F,GAAP2,2
08CA630SMM008,2221,2G,G,BRRU2,3
08CA630SMM008,2221,2G,G,LOPEM2,3
08CA630SMM008,2221,2G,G,BRDI3,5
08CA630SMM008,2221,2G,TS,QUDO,5
08CA630SMM008,2221,2G,F,GALIU,7
08CA630SMM008,2221,2G,TM,PISA2,8
08CA630SMM008,2221,2G,F,GEDI,10
08CA630SMM008,2221,2G,F,TRHI4,15
08CA630SMM008,2221,2G,G,AVFA,30
08CA630SMM008,2221,2G,TS,QUWI2,30
08CA630SMM008,2221,2G,G,BRHO2,45
09CA630AMS010,2213,3F,F,PETR7,0.1
09CA630AMS010,2213,3F,G,MECA2,0.1
09CA630AMS010,2213,3F,G,POBU,0.1
09CA630AMS010,2213,3F,G,BRDI3,0.1
09CA630AMS010,2213,3F,TR,PISA2,0.1
09CA630AMS010,2213,3F,TR,QUWI2,0.1
09CA630AMS010,2213,3F,F,SANIC,0.1
09CA630AMS010,2213,3F,TR,QUKE,0.1
09CA630AMS010,2213,3F,TR,PIPO,0.1
09CA630AMS010,2213,3F,G,GAVE3,0.1
09CA630AMS010,2213,3F,G,CYEC,1
09CA630AMS010,2213,3F,TS,PIPO,1
09CA630AMS010,2213,3F,F,GALIU,1
09CA630AMS010,2213,3F,G,VUMY,1
09CA630AMS010,2213,3F,F,CLARK,1
09CA630AMS010,2213,3F,TS,QUDO,1
09CA630AMS010,2213,3F,TS,PISA2,2
09CA630AMS010,2213,3F,SL,LONIC,2
09CA630AMS010,2213,3F,G,AICA,2
09CA630AMS010,2213,3F,TS,QUWI2,5
09CA630AMS010,2213,3F,TS,AECA,5
09CA630AMS010,2213,3F,SL,TODI,10
09CA630AMS010,2213,3F,TS,QUKE,10
09CA630AMS010,2213,3F,TR,AECA,15
09CA630AMS010,2213,3F,SM,HEAR5,30
09CA630AMS010,2213,3F,ST,ARCTO3,30
09CA630BAH001,2221,3B,F,GALIU,0.1
09CA630BAH001,2221,3B,F,TRHI4,0.1
09CA630BAH001,2221,3B,SM,ERAR11,0.1
09CA630BAH001,2221,3B,F,ACMI2,0.1
09CA630BAH001,2221,3B,SD,HEAR5,0.1
09CA630BAH001,2221,3B,G,BRCA5,0.1
09CA630BAH001,2221,3B,TR,PIPO,0.1
09CA630BAH001,2221,3B,TR,QUKE,1
09CA630BAH001,2221,3B,SL,TODI,2
09CA630BAH001,2221,3B,SM,ERCA6,2
09CA630BAH001,2221,3B,SL,ARCTO3,2
09CA630BAH001,2221,3B,TM,PIPO,5
09CA630BAH001,2221,3B,G,BRRU2,10
09CA630BAH001,2221,3B,TS,QUKE,15
09CA630BAH001,2221,3B,TS,PIPO,20
09CA630BAH001,2221,3B,G,AVFA,25
09CA630BAH001,2221,3B,G,AICA,75
09CA630BAH002,2221,4F,G,AICA,0.1
09CA630BAH002,2221,4F,G,GAPH2,0.1
09CA630BAH002,2221,4F,SL,CEIN3,0.1
09CA630BAH002,2221,4F,SL,LOHIV,0.1
09CA630BAH002,2221,4F,SM,TODI,0.1
09CA630BAH002,2221,4F,G,VUMY,1
09CA630BAH002,2221,4F,TR,QUWI2,5
09CA630BAH002,2221,4F,TR,QUCH2,10
09CA630BAH002,2221,4F,SM,HEAR5,10
09CA630BAH002,2221,4F,SL,ARCTO3,40
09CA630BJM025,2214,3TU,TR,PIPO,0.1
09CA630BJM025,2214,3TU,TR,PILA,0.1
09CA630BJM025,2214,3TU,G,CYEC,0.1
09CA630BJM025,2214,3TU,G,BROMU,0.1
09CA630BJM025,2214,3TU,SM,ARMA,3
09CA630BJM025,2214,3TU,SM,HEAR5,3
09CA630BJM025,2214,3TU,TT,PILA,5
09CA630BJM025,2214,3TU,SL,RHTR,20
09CA630BJM025,2214,3TU,TR,QUCH2,25
09CA630BJM025,2214,3TU,SM,TODI,35
09CA630BJM025,2214,3TU,TT,PIPO,35
09CA630BJM025,2214,3TU,TR,CADE27,45
09CA630BJM025,2214,3TU,TM,QUCH2,60
09CA630BJM026,2221,2TU,F,HIAL2,0.1
09CA630BJM026,2221,2TU,G,ELGL,0.1
09CA630BJM026,2221,2TU,TR,ARME,0.1
09CA630BJM026,2221,2TU,TR,QUKE,0.1
09CA630BJM026,2221,2TU,TR,PILA,1
09CA630BJM026,2221,2TU,SD,ROWO,1
09CA630BJM026,2221,2TU,TR,CADE27,2
09CA630BJM026,2221,2TU,TM,PIPO,3
09CA630BJM026,2221,2TU,TT,PIPO,3
09CA630BJM026,2221,2TU,TR,ACMA3,3
09CA630BJM026,2221,2TU,TS,PIPO,3
09CA630BJM026,2221,2TU,TM,ACMA3,5
09CA630BJM026,2221,2TU,TT,CADE27,5
09CA630BJM026,2221,2TU,TM,PILA,10
09CA630BJM026,2221,2TU,SD,TODI,10
09CA630BJM026,2221,2TU,TS,PILA,15
09CA630BJM026,2221,2TU,TS,CADE27,20
09CA630BJM026,2221,2TU,TM,CADE27,20
09CA630BJM026,2221,2TU,TT,PILA,30
09CA630BJM032,2214,3F,SM,CEIN3,0.1
09CA630BJM032,2214,3F,TS,QUWI2,0.1
09CA630BJM032,2214,3F,G,BRCA5,0.1
09CA630BJM032,2214,3F,F,LATHY,0.1
09CA630BJM032,2214,3F,G,ELGL,0.1
09CA630BJM032,2214,3F,TR,PIPO,0.1
09CA630BJM032,2214,3F,TR,CADE27,0.1
09CA630BJM032,2214,3F,TR,PILA,0.1
09CA630BJM032,2214,3F,F,HIAL2,0.1
09CA630BJM032,2214,3F,TT,PILA,0.1
09CA630BJM032,2214,3F,TS,PILA,1
09CA630BJM032,2214,3F,TT,PIPO,1
09CA630BJM032,2214,3F,F,GALIU,1
09CA630BJM032,2214,3F,TM,CADE27,1
09CA630BJM032,2214,3F,TR,QUKE,2
09CA630BJM032,2214,3F,G,AICA,2
09CA630BJM032,2214,3F,TR,QUCH2,5
09CA630BJM032,2214,3F,TR,QUWI2,5
09CA630BJM032,2214,3F,SL,TODI,5
09CA630BJM032,2214,3F,TS,QUKE,10
09CA630BJM032,2214,3F,SM,HEAR5,10
09CA630BJM032,2214,3F,TM,PILA,10
09CA630BJM032,2214,3F,TM,QUCH2,10
09CA630BJM032,2214,3F,TS,QUCH2,15
09CA630BJM032,2214,3F,ST,ARCTO3,20
09CA630BJM033,2221,3F,TR,QUCH2,0.1
09CA630BJM033,2221,3F,TR,PISA2,0.1
09CA630BJM033,2221,3F,TR,PIPO,0.1
09CA630BJM033,2221,3F,G,BRCA5,0.1
09CA630BJM033,2221,3F,TS,PISA2,0.1
09CA630BJM033,2221,3F,G,AICA,0.1
09CA630BJM033,2221,3F,F,GALIU,0.1
09CA630BJM033,2221,3F,TR,QUKE,2
09CA630BJM033,2221,3F,TS,PIPO,5
09CA630BJM033,2221,3F,SM,TODI,5
09CA630BJM033,2221,3F,SM,CECU,5
09CA630BJM033,2221,3F,TS,QUKE,25
09CA630BJM033,2221,3F,ST,ARCTO3,30
09CA630BJM033,2221,3F,TM,QUKE,35
09CA630BJM033,2221,3F,SM,HEAR5,40
09CA630BJM034,2221,2F,G,AICA,0.1
09CA630BJM034,2221,2F,TR,QUKE,0.1
09CA630BJM034,2221,2F,TR,PIPO,0.1
09CA630BJM034,2221,2F,F,GALIU,0.1
09CA630BJM034,2221,2F,SD,ROWO,0.1
09CA630BJM034,2221,2F,SL,HEAR5,1
09CA630BJM034,2221,2F,SD,TODI,1
09CA630BJM034,2221,2F,TR,QUCH2,1
09CA630BJM034,2221,2F,TR,CADE27,1
09CA630BJM034,2221,2F,TR,PILA,2
09CA630BJM034,2221,2F,TM,PILA,5
09CA630BJM034,2221,2F,TS,QUCH2,5
09CA630BJM034,2221,2F,TS,PILA,5
09CA630BJM034,2221,2F,TM,QUKE,5
09CA630BJM034,2221,2F,TM,CADE27,10
09CA630BJM034,2221,2F,TM,QUCH2,10
09CA630BJM034,2221,2F,TT,PIPO,10
09CA630BJM034,2221,2F,TM,PIPO,15
09CA630BJM034,2221,2F,TS,CADE27,15
09CA630BJM034,2221,2F,SM,ARCTO3,15
09CA630BJM034,2221,2F,TS,PIPO,15
09CA630BJM034,2221,2F,TT,PILA,25
09CA630BJM037,2221,3F,TS,QUDO,0.1
09CA630BJM037,2221,3F,G,CYEC,0.1
09CA630BJM037,2221,3F,TS,PIPO,0.1
09CA630BJM037,2221,3F,TR,CADE27,0.1
09CA630BJM037,2221,3F,G,VUMIP,0.1
09CA630BJM037,2221,3F,TR,PIPO,0.1
09CA630BJM037,2221,3F,F,LATHY,0.1
09CA630BJM037,2221,3F,TM,PIPO,1
09CA630BJM037,2221,3F,SD,LOHIV,1
09CA630BJM037,2221,3F,G,AICA,1
09CA630BJM037,2221,3F,TS,QUWI2,1
09CA630BJM037,2221,3F,G,BRST2,1
09CA630BJM037,2221,3F,F,GALIU,2
09CA630BJM037,2221,3F,G,BRCA5,2
09CA630BJM037,2221,3F,G,ELGL,4
09CA630BJM037,2221,3F,TR,QUKE,5
09CA630BJM037,2221,3F,SM,ARCTO3,5
09CA630BJM037,2221,3F,SM,TODI,5
09CA630BJM037,2221,3F,ST,CECU,5
09CA630BJM037,2221,3F,TS,QUKE,10
09CA630BJM037,2221,3F,TS,QUCH2,10
09CA630BJM037,2221,3F,SM,CEMO2,15
09CA630BJM037,2221,3F,TM,QUKE,45
09CA630BJM037,2221,3F,SM,HEAR5,60
09CA630BJM039,2214,4F,TR,QUWI2,0.1
09CA630BJM039,2214,4F,TR,PIPO,0.1
09CA630BJM039,2214,4F,TM,PISA2,0.1
09CA630BJM039,2214,4F,TR,PISA2,0.1
09CA630BJM039,2214,4F,TR,QUKE,0.1
09CA630BJM039,2214,4F,F,GALIU,0.1
09CA630BJM039,2214,4F,TR,QUCH2,0.1
09CA630BJM039,2214,4F,TS,QUCH2,1
09CA630BJM039,2214,4F,TM,PIPO,1
09CA630BJM039,2214,4F,TM,QUKE,1
09CA630BJM039,2214,4F,SM,TODI,2
09CA630BJM039,2214,4F,TS,QUWI2,5
09CA630BJM039,2214,4F,SM,HEAR5,25
09CA630BJM039,2214,4F,SM,ARCTO3,85
09CA630BJM041,2221,3F,SM,CEIN3,
09CA630BJM041,2221,3F,G,ELGL,0.1
09CA630BJM041,2221,3F,G,AICA,0.1
09CA630BJM041,2221,3F,TS,PIPO,0.1
09CA630BJM041,2221,3F,TR,CADE27,0.1
09CA630BJM041,2221,3F,F,HIAL2,0.1
09CA630BJM041,2221,3F,F,LUPIN,0.1
09CA630BJM041,2221,3F,G,BRHO2,0.1
09CA630BJM041,2221,3F,TR,ARME,0.1
09CA630BJM041,2221,3F,TS,CADE27,2
09CA630BJM041,2221,3F,F,GALIU,2
09CA630BJM041,2221,3F,TR,PIPO,2
09CA630BJM041,2221,3F,TR,QUKE,2
09CA630BJM041,2221,3F,TM,PIPO,2
09CA630BJM041,2221,3F,SL,TODI,2
09CA630BJM041,2221,3F,TR,PILA,4
09CA630BJM041,2221,3F,TM,QUKE,5
09CA630BJM041,2221,3F,TS,PILA,5
09CA630BJM041,2221,3F,TM,CADE27,5
09CA630BJM041,2221,3F,TR,QUCH2,5
09CA630BJM041,2221,3F,SM,HEAR5,10
09CA630BJM041,2221,3F,TM,PILA,15
09CA630BJM041,2221,3F,TS,QUKE,15
09CA630BJM041,2221,3F,TS,QUCH2,25
09CA630BJM041,2221,3F,SM,ARCTO3,30
09CA630BJM043,2221,2F,G,ELGL,0.1
09CA630BJM043,2221,2F,TR,QUKE,0.1
09CA630BJM043,2221,2F,TS,QUKE,0.1
09CA630BJM043,2221,2F,TR,TOCA,0.1
09CA630BJM043,2221,2F,SM,SYAL,0.1
09CA630BJM043,2221,2F,TR,PIPO,0.1
09CA630BJM043,2221,2F,TM,PILA,0.1
09CA630BJM043,2221,2F,SM,RINE,0.1
09CA630BJM043,2221,2F,SL,HEAR5,1
09CA630BJM043,2221,2F,TT,CADE27,2
09CA630BJM043,2221,2F,SL,RUBUS,2
09CA630BJM043,2221,2F,TR,ARME,4
09CA630BJM043,2221,2F,TM,CADE27,5
09CA630BJM043,2221,2F,TR,CORNU,5
09CA630BJM043,2221,2F,TR,CADE27,7
09CA630BJM043,2221,2F,SL,TODI,8
09CA630BJM043,2221,2F,TR,QUCH2,10
09CA630BJM043,2221,2F,TS,CADE27,15
09CA630BJM043,2221,2F,TS,QUCH2,20
09CA630BJM043,2221,2F,TM,QUCH2,35
09CA630BJM043,2221,2F,TM,QUKE,45
09CA630BJM045,2221,4TU,F,GALIU,0.1
09CA630BJM045,2221,4TU,G,BRCA5,0.1
09CA630BJM045,2221,4TU,SL,CEIN3,0.1
09CA630BJM045,2221,4TU,G,VUMY,0.1
09CA630BJM045,2221,4TU,G,ELGL,0.1
09CA630BJM045,2221,4TU,TR,PIPO,0.1
09CA630BJM045,2221,4TU,TR,PILA,0.1
09CA630BJM045,2221,4TU,TR,QUKE,0.1
09CA630BJM045,2221,4TU,SD,ARCTO3,0.1
09CA630BJM045,2221,4TU,G,CYEC,0.1
09CA630BJM045,2221,4TU,SL,HEAR5,1
09CA630BJM045,2221,4TU,TR,QUCH2,1
09CA630BJM045,2221,4TU,TM,PIPO,2
09CA630BJM045,2221,4TU,SD,TODI,2
09CA630BJM045,2221,4TU,TS,QUCH2,3
09CA630BJM045,2221,4TU,TT,PILA,5
09CA630BJM045,2221,4TU,TM,CADE27,5
09CA630BJM045,2221,4TU,TT,PIPO,7
09CA630BJM045,2221,4TU,TM,QUKE,7
09CA630BJM053N,2221,4F,SD,VUMY,0.1
09CA630BJM053N,2221,4F,TR,PIPO,1
09CA630BJM053N,2221,4F,TR,QUKE,2
09CA630BJM053N,2221,4F,SM,TODI,2
09CA630BJM053N,2221,4F,SL,ERCA6,2
09CA630BJM053N,2221,4F,SM,HEAR5,3
09CA630BJM053N,2221,4F,TR,QUCH2,7
09CA630BJM053N,2221,4F,SM,ARCTO3,30
09CA630BJM053N,2221,4F,SM,CECU,35
09CA630BJM055,2221,4TO,F,DELPH,0.1
09CA630BJM055,2221,4TO,TR,QUCH2,0.1
09CA630BJM055,2221,4TO,TR,PIPO,0.1
09CA630BJM055,2221,4TO,G,BRCA5,0.1
09CA630BJM055,2221,4TO,G,ELEL5,0.1
09CA630BJM055,2221,4TO,G,VUMY,0.1
09CA630BJM055,2221,4TO,TS,QUKE,1
09CA630BJM055,2221,4TO,SL,RUUR,1
09CA630BJM055,2221,4TO,G,ELGL,1
09CA630BJM055,2221,4TO,F,GALIU,1
09CA630BJM055,2221,4TO,SL,HEAR5,1
09CA630BJM055,2221,4TO,SL,ARCTO3,1
09CA630BJM055,2221,4TO,TR,PILA,1
09CA630BJM055,2221,4TO,F,HIAL2,1
09CA630BJM055,2221,4TO,TR,QUKE,3
09CA630BJM055,2221,4TO,TS,PILA,5
09CA630BJM055,2221,4TO,TS,PIPO,20
09CA630BJM056,2224,3F,TR,PIPO,0.1
09CA630BJM056,2224,3F,F,GALIU,1
09CA630BJM056,2224,3F,TR,AECA,1
09CA630BJM056,2224,3F,SL,CEIN3,1
09CA630BJM056,2224,3F,TR,QUCH2,1
09CA630BJM056,2224,3F,G,BRCA5,1
09CA630BJM056,2224,3F,F,HIAL2,1
09CA630BJM056,2224,3F,SL,ARCTO3,1
09CA630BJM056,2224,3F,TR,ARME,1
09CA630BJM056,2224,3F,TR,PILA,1
09CA630BJM056,2224,3F,TS,QUCH2,2
09CA630BJM056,2224,3F,TR,CADE27,2
09CA630BJM056,2224,3F,TM,PSME,3
09CA630BJM056,2224,3F,TS,PILA,3
09CA630BJM056,2224,3F,SL,TODI,5
09CA630BJM056,2224,3F,TM,CADE27,5
09CA630BJM056,2224,3F,TT,CADE27,10
09CA630BJM056,2224,3F,TS,CADE27,10
09CA630BJM056,2224,3F,TM,QUCH2,15
09CA630BJM056,2224,3F,TT,QUCH2,35
09CA630BJM058,2213,3TU,TR,PILA,0.1
09CA630BJM058,2213,3TU,G,AICA,0.1
09CA630BJM058,2213,3TU,SD,ROWO,0.1
09CA630BJM058,2213,3TU,F,GALIU,0.1
09CA630BJM058,2213,3TU,SD,LONIC,0.1
09CA630BJM058,2213,3TU,F,PTAQ,0.1
09CA630BJM058,2213,3TU,F,HIAL2,0.1
09CA630BJM058,2213,3TU,G,ELGL,0.1
09CA630BJM058,2213,3TU,SM,CEIN3,1
09CA630BJM058,2213,3TU,F,DELPH,1
09CA630BJM058,2213,3TU,G,BRCA5,1
09CA630BJM058,2213,3TU,G,VUMY,1
09CA630BJM058,2213,3TU,TR,QUKE,2
09CA630BJM058,2213,3TU,TS,PILA,3
09CA630BJM058,2213,3TU,TS,PIPO,5
09CA630BJM058,2213,3TU,TR,CADE27,5
09CA630BJM058,2213,3TU,TS,CADE27,5
09CA630BJM058,2213,3TU,SL,ARCTO3,5
09CA630BJM058,2213,3TU,TS,QUKE,5
09CA630BJM058,2213,3TU,TR,PIPO,7
09CA630BJM058,2213,3TU,TT,CADE27,10
09CA630BJM058,2213,3TU,TT,PIPO,45
09CA630BJM059,2211,3TU,F,DELPH,0.1
09CA630BJM059,2211,3TU,SD,ARCTO3,0.1
09CA630BJM059,2211,3TU,TR,QUCH2,0.1
09CA630BJM059,2211,3TU,F,BRODI,0.1
09CA630BJM059,2211,3TU,G,BRCA5,0.1
09CA630BJM059,2211,3TU,TR,PIPO,0.1
09CA630BJM059,2211,3TU,SD,CEMO2,0.1
09CA630BJM059,2211,3TU,TR,PILA,0.1
09CA630BJM059,2211,3TU,SD,LONIC,0.1
09CA630BJM059,2211,3TU,TR,CADE27,1
09CA630BJM059,2211,3TU,TS,CADE27,1
09CA630BJM059,2211,3TU,SD,CHFO,1
09CA630BJM059,2211,3TU,F,GALIU,2
09CA630BJM059,2211,3TU,F,HIAL2,3
09CA630BJM059,2211,3TU,TR,QUKE,3
09CA630BJM059,2211,3TU,TS,PILA,5
09CA630BJM059,2211,3TU,TM,CADE27,5
09CA630BJM059,2211,3TU,TS,PIPO,5
09CA630BJM059,2211,3TU,TM,PIPO,20
09CA630BJM059,2211,3TU,TM,PILA,30
09CA630BJM060N,2214,2TO,F,HIAL2,0.1
09CA630BJM060N,2214,2TO,SD,TODI,0.1
09CA630BJM060N,2214,2TO,SD,RIRO,0.1
09CA630BJM060N,2214,2TO,SD,ROWO,0.1
09CA630BJM060N,2214,2TO,F,GALIU,0.1
09CA630BJM060N,2214,2TO,SD,LONIC,0.1
09CA630BJM060N,2214,2TO,TR,PIPO,0.1
09CA630BJM060N,2214,2TO,TR,CONU4,0.1
09CA630BJM060N,2214,2TO,TR,QUKE,1
09CA630BJM060N,2214,2TO,TS,CONU4,1
09CA630BJM060N,2214,2TO,SL,ARCTO3,1
09CA630BJM060N,2214,2TO,TR,CADE27,2
09CA630BJM060N,2214,2TO,TS,CADE27,5
09CA630BJM060N,2214,2TO,TM,CADE27,5
09CA630BJM060N,2214,2TO,TR,PILA,5
09CA630BJM060N,2214,2TO,TS,PIPO,5
09CA630BJM060N,2214,2TO,TS,PILA,10
09CA630BJM060N,2214,2TO,TT,PILA,15
09CA630BJM060N,2214,2TO,TM,PIPO,25
09CA630BJM060N,2214,2TO,TM,PILA,25
09CA630BJM081N,2221,3F,SD,SYMPH,0.1
09CA630BJM081N,2221,3F,TR,PISA2,0.1
09CA630BJM081N,2221,3F,F,BRODI,0.1
09CA630BJM081N,2221,3F,TR,PIPO,0.1
09CA630BJM081N,2221,3F,F,GALIU,0.1
09CA630BJM081N,2221,3F,SM,TODI,1
09CA630BJM081N,2221,3F,TS,PIPO,1
09CA630BJM081N,2221,3F,TS,QUKE,2
09CA630BJM081N,2221,3F,SM,HEAR5,3
09CA630BJM081N,2221,3F,G,BRMI2,3
09CA630BJM081N,2221,3F,TM,PISA2,3
09CA630BJM081N,2221,3F,TR,QUCH2,5
09CA630BJM081N,2221,3F,G,VUMIP,10
09CA630BJM081N,2221,3F,TM,PIPO,10
09CA630BJM081N,2221,3F,G,VUMY,10
09CA630BJM081N,2221,3F,SM,CECU,15
09CA630BJM081N,2221,3F,SM,ARCTO3,15
09CA630BJM081N,2221,3F,G,AICA,20
09CA630BJM081N,2221,3F,G,CYEC,25
09CA630BJM081N,2221,3F,TS,QUCH2,35
09CA630BJM087,2213,3TO,G,CYEC,0.1
09CA630BJM087,2213,3TO,TR,QUKE,0.1
09CA630BJM087,2213,3TO,F,SILEN,0.1
09CA630BJM087,2213,3TO,TR,PIPO,0.1
09CA630BJM087,2213,3TO,SD,LONIC,0.1
09CA630BJM087,2213,3TO,G,VULPI,1
09CA630BJM087,2213,3TO,TR,PILA,1
09CA630BJM087,2213,3TO,F,HIAL2,1
09CA630BJM087,2213,3TO,TR,CADE27,2
09CA630BJM087,2213,3TO,TS,PIPO,3
09CA630BJM087,2213,3TO,TS,QUKE,3
09CA630BJM087,2213,3TO,TM,QUKE,5
09CA630BJM087,2213,3TO,TM,PILA,5
09CA630BJM087,2213,3TO,TT,PIPO,7
09CA630BJM087,2213,3TO,SL,CHFO,7
09CA630BJM087,2213,3TO,TT,PILA,10
09CA630BJM087,2213,3TO,TM,PIPO,30
09CA630BJM087,2213,3TO,SL,ARCTO3,40
09CA630BJM089,2213,3TU,TR,PIPO,0.1
09CA630BJM089,2213,3TU,F,PYPI2,0.1
09CA630BJM089,2213,3TU,F,LATHY,0.1
09CA630BJM089,2213,3TU,G,CYEC,0.1
09CA630BJM089,2213,3TU,TR,QUKE,0.1
09CA630BJM089,2213,3TU,SL,CECU,0.1
09CA630BJM089,2213,3TU,F,SILEN,0.1
09CA630BJM089,2213,3TU,G,BRHO2,0.1
09CA630BJM089,2213,3TU,TR,QUCH2,0.1
09CA630BJM089,2213,3TU,G,BRST2,1
09CA630BJM089,2213,3TU,G,ELGL,1
09CA630BJM089,2213,3TU,TS,CADE27,2
09CA630BJM089,2213,3TU,TR,CADE27,3
09CA630BJM089,2213,3TU,TS,QUCH2,5
09CA630BJM089,2213,3TU,SM,ARCTO3,5
09CA630BJM089,2213,3TU,TT,PIPO,10
09CA630BJM089,2213,3TU,TS,PIPO,15
09CA630BJM089,2213,3TU,TM,PIPO,30
09CA630BJM089,2213,3TU,SD,CHFO,50
09CA630BJM091,2213,3TO,F,DELPH,0.1
09CA630BJM091,2213,3TO,F,PYPI2,0.1
09CA630BJM091,2213,3TO,F,SILE2,0.1
09CA630BJM091,2213,3TO,G,ELGL,0.1
09CA630BJM091,2213,3TO,SD,ROWO,1
09CA630BJM091,2213,3TO,TR,QUCH2,1
09CA630BJM091,2213,3TO,SL,CEIN3,1
09CA630BJM091,2213,3TO,TR,QUKE,1
09CA630BJM091,2213,3TO,SD,RIRO,2
09CA630BJM091,2213,3TO,TS,CADE27,2
09CA630BJM091,2213,3TO,TR,CADE27,2
09CA630BJM091,2213,3TO,SM,ARCTO3,3
09CA630BJM091,2213,3TO,TS,PIPO,3
09CA630BJM091,2213,3TO,SL,TODI,5
09CA630BJM091,2213,3TO,TM,PIPO,5
09CA630BJM091,2213,3TO,SL,CHFO,35
09CA630BJM091,2213,3TO,TT,PIPO,60
09CA630BJM098,2201,1,F,TRHI4,0.1
09CA630BJM098,2201,1,F,BRODI,0.1
09CA630BJM098,2201,1,F,CLPU2,1
09CA630BJM098,2201,1,F,GAAP2,1
09CA630BJM098,2201,1,F,TRIFO,1
09CA630BJM098,2201,1,F,TRLA4,5
09CA630BJM098,2201,1,SL,ERCA6,5
09CA630BJM098,2201,1,G,VUMIP,5
09CA630BJM098,2201,1,G,VUMY,5
09CA630BJM098,2201,1,F,SILEN,10
09CA630BJM098,2201,1,SL,CECU,15
09CA630BJM098,2201,1,G,BRDI3,15
09CA630BJM098,2201,1,G,AVBA,25
09CA630BJM098,2201,1,G,BRHO2,35
09CA630BJM099,2213,3TO,TR,QUCH2,0.1
09CA630BJM099,2213,3TO,F,HIAL2,0.1
09CA630BJM099,2213,3TO,TR,PILA,0.1
09CA630BJM099,2213,3TO,F,PYPI2,0.1
09CA630BJM099,2213,3TO,F,GALIU,0.1
09CA630BJM099,2213,3TO,TR,PIPO,1
09CA630BJM099,2213,3TO,TR,QUKE,1
09CA630BJM099,2213,3TO,TR,CONU4,2
09CA630BJM099,2213,3TO,TR,PSME,2
09CA630BJM099,2213,3TO,TS,PSME,5
09CA630BJM099,2213,3TO,TS,CADE27,7
09CA630BJM099,2213,3TO,TR,CADE27,7
09CA630BJM099,2213,3TO,TM,PSME,7
09CA630BJM099,2213,3TO,TM,QUKE,10
09CA630BJM099,2213,3TO,TT,CADE27,10
09CA630BJM099,2213,3TO,TM,PIPO,15
09CA630BJM099,2213,3TO,TT,PIPO,30
09CA630BJM099,2213,3TO,SD,CHFO,35
09CA630CKS039,2221,3TO,G,VUMIP,0.1
09CA630CKS039,2221,3TO,SD,RUUR,0.1
09CA630CKS039,2221,3TO,F,SANIC,0.1
09CA630CKS039,2221,3TO,F,GALIU,0.1
09CA630CKS039,2221,3TO,SD,FRVE,0.1
09CA630CKS039,2221,3TO,TR,QUWI2,1
09CA630CKS039,2221,3TO,TR,PIPO,1
09CA630CKS039,2221,3TO,TR,QUKE,1
09CA630CKS039,2221,3TO,G,BRST2,1
09CA630CKS039,2221,3TO,G,ELGL,1
09CA630CKS039,2221,3TO,G,CYEC,1
09CA630CKS039,2221,3TO,TR,PILA,1
09CA630CKS039,2221,3TO,TR,CADE27,1
09CA630CKS039,2221,3TO,TS,PIPO,1
09CA630CKS039,2221,3TO,TS,QUKE,1
09CA630CKS039,2221,3TO,TS,CADE27,2
09CA630CKS039,2221,3TO,TM,QUKE,2
09CA630CKS039,2221,3TO,TS,PILA,3
09CA630CKS039,2221,3TO,SM,ARCTO3,5
09CA630CKS039,2221,3TO,TM,QUWI2,5
09CA630CKS039,2221,3TO,SD,LONIC,5
09CA630CKS039,2221,3TO,SL,TODI,10
09CA630CKS039,2221,3TO,SD,CHFO,15
09CA630CKS039,2221,3TO,TT,PIPO,25
09CA630CKS039,2221,3TO,TT,QUKE,30
09CA630CKS051,2221,3TU,F,HIAL2,0.1
09CA630CKS051,2221,3TU,TR,PIPO,0.1
09CA630CKS051,2221,3TU,F,GALIU,0.1
09CA630CKS051,2221,3TU,SD,LONIC,0.1
09CA630CKS051,2221,3TU,TR,PSME,1
09CA630CKS051,2221,3TU,TR,CADE27,1
09CA630CKS051,2221,3TU,TR,QUKE,1
09CA630CKS051,2221,3TU,G,ELGL,1
09CA630CKS051,2221,3TU,TS,CADE27,2
09CA630CKS051,2221,3TU,TS,PSME,3
09CA630CKS051,2221,3TU,TS,PIPO,3
09CA630CKS051,2221,3TU,SD,TODI,5
09CA630CKS051,2221,3TU,TS,QUKE,5
09CA630CKS051,2221,3TU,TT,QUKE,10
09CA630CKS051,2221,3TU,TM,PIPO,10
09CA630CKS051,2221,3TU,SM,ARCTO3,10
09CA630CKS051,2221,3TU,TM,PSME,25
09CA630CKS051,2221,3TU,SD,CHFO,40
09CA630SMM001,2213,2TO,SD,ARCTO3,0.1
09CA630SMM001,2213,2TO,TR,QUKE,0.1
09CA630SMM001,2213,2TO,G,ELGL,1
09CA630SMM001,2213,2TO,TS,QUKE,1
09CA630SMM001,2213,2TO,TR,PIPO,1
09CA630SMM001,2213,2TO,G,BRCA5,1
09CA630SMM001,2213,2TO,TM,PIPO,2
09CA630SMM001,2213,2TO,F,SANIC,2
09CA630SMM001,2213,2TO,TR,CADE27,2
09CA630SMM001,2213,2TO,TS,CADE27,5
09CA630SMM001,2213,2TO,G,BRDI3,5
09CA630SMM001,2213,2TO,G,AICA,5
09CA630SMM001,2213,2TO,TT,CADE27,10
09CA630SMM001,2213,2TO,G,CYEC,10
09CA630SMM001,2213,2TO,TT,PIPO,25
09CA630SMM001,2213,2TO,SL,CHFO,80
09CA630SMM015,2211,2F,G,POA,0.1
09CA630SMM015,2211,2F,F,DELPH,0.1
09CA630SMM015,2211,2F,G,JUNCU,0.1
09CA630SMM015,2211,2F,G,BRCA5,0.1
09CA630SMM015,2211,2F,TR,QUCH2,0.1
09CA630SMM015,2211,2F,TR,QUKE,1
09CA630SMM015,2211,2F,F,SILE2,1
09CA630SMM015,2211,2F,TS,QUKE,2
09CA630SMM015,2211,2F,TM,PILA,2
09CA630SMM015,2211,2F,TT,PIPO,3
09CA630SMM015,2211,2F,TT,CADE27,3
09CA630SMM015,2211,2F,TR,CADE27,3
09CA630SMM015,2211,2F,TR,PILA,3
09CA630SMM015,2211,2F,SD,CHFO,5
09CA630SMM015,2211,2F,TS,CADE27,5
09CA630SMM015,2211,2F,TM,QUKE,10
09CA630SMM015,2211,2F,TR,PSME,15
09CA630SMM015,2211,2F,TT,PSME,15
09CA630SMM015,2211,2F,TS,PSME,20
09CA630SMM015,2211,2F,TT,PILA,25
09CA630SMM015,2211,2F,TM,PSME,30
09CA630SMM016,2211,2TU,F,PYPI2,0.1
09CA630SMM016,2211,2TU,F,POLYG2,0.1
09CA630SMM016,2211,2TU,F,HIAL2,0.1
09CA630SMM016,2211,2TU,G,BRCA5,0.1
09CA630SMM016,2211,2TU,TR,QUCH2,0.1
09CA630SMM016,2211,2TU,TR,PIPO,1
09CA630SMM016,2211,2TU,TR,PILA,1
09CA630SMM016,2211,2TU,TS,PILA,2
09CA630SMM016,2211,2TU,TR,QUKE,2
09CA630SMM016,2211,2TU,TS,PIPO,3
09CA630SMM016,2211,2TU,SD,CHFO,3
09CA630SMM016,2211,2TU,TR,CADE27,5
09CA630SMM016,2211,2TU,TS,CADE27,5
09CA630SMM016,2211,2TU,TT,PILA,5
09CA630SMM016,2211,2TU,TM,CADE27,5
09CA630SMM016,2211,2TU,TM,PIPO,10
09CA630SMM016,2211,2TU,TT,CADE27,10
09CA630SMM016,2211,2TU,TR,PSME,10
09CA630SMM016,2211,2TU,TT,PIPO,10
09CA630SMM016,2211,2TU,TT,PSME,20
09CA630SMM016,2211,2TU,TS,PSME,25
09CA630SMM016,2211,2TU,TM,PSME,35
09CA630SMM018,2211,3TO,TR,ACMA3,0.1
09CA630SMM018,2211,3TO,F,PYPI2,0.1
09CA630SMM018,2211,3TO,TR,QUCH2,0.1
09CA630SMM018,2211,3TO,F,GALIU,0.1
09CA630SMM018,2211,3TO,SL,CEIN3,0.1
09CA630SMM018,2211,3TO,F,VULPI,0.1
09CA630SMM018,2211,3TO,F,HIAL2,1
09CA630SMM018,2211,3TO,TR,QUKE,1
09CA630SMM018,2211,3TO,F,SILEN,1
09CA630SMM018,2211,3TO,G,ELGL,1
09CA630SMM018,2211,3TO,TR,ARME,1
09CA630SMM018,2211,3TO,SL,ARCTO3,1
09CA630SMM018,2211,3TO,TR,PIPO,1
09CA630SMM018,2211,3TO,TS,PILA,2
09CA630SMM018,2211,3TO,G,BRCA5,2
09CA630SMM018,2211,3TO,F,TRLA4,2
09CA630SMM018,2211,3TO,TS,QUKE,2
09CA630SMM018,2211,3TO,TR,CONU4,2
09CA630SMM018,2211,3TO,TR,PSME,3
09CA630SMM018,2211,3TO,TR,PILA,5
09CA630SMM018,2211,3TO,TS,CADE27,5
09CA630SMM018,2211,3TO,TR,CADE27,5
09CA630SMM018,2211,3TO,TS,PIPO,7
09CA630SMM018,2211,3TO,TS,PSME,10
09CA630SMM018,2211,3TO,F,PTAQ,12
09CA630SMM018,2211,3TO,TT,PSME,15
09CA630SMM018,2211,3TO,TM,PSME,20
09CA630SMM018,2211,3TO,SD,CHFO,35
09CA630SMM022,2213,2TU,TR,QUCH2,0.1
09CA630SMM022,2213,2TU,F,LATHY,0.1
09CA630SMM022,2213,2TU,F,PYPI2,0.1
09CA630SMM022,2213,2TU,SD,TODI,0.1
09CA630SMM022,2213,2TU,F,GALIU,0.1
09CA630SMM022,2213,2TU,TR,QUKE,1
09CA630SMM022,2213,2TU,TS,PILA,1
09CA630SMM022,2213,2TU,TS,QUKE,1
09CA630SMM022,2213,2TU,TR,PIPO,1
09CA630SMM022,2213,2TU,G,BRCA5,1
09CA630SMM022,2213,2TU,TR,PSME,2
09CA630SMM022,2213,2TU,TS,CADE27,2
09CA630SMM022,2213,2TU,TS,PIPO,2
09CA630SMM022,2213,2TU,TS,PSME,5
09CA630SMM022,2213,2TU,TR,CADE27,5
09CA630SMM022,2213,2TU,TM,PSME,7
09CA630SMM022,2213,2TU,TM,QUKE,10
09CA630SMM022,2213,2TU,TM,CADE27,15
09CA630SMM022,2213,2TU,SL,CHFO,15
09CA630SMM022,2213,2TU,TT,PILA,15
09CA630SMM022,2213,2TU,TT,PIPO,20
09CA630SMM022,2213,2TU,TT,CADE27,25
09CA630SMM022,2213,2TU,TR,PILA,30
10CA630PDM055,2221,3F,F,GALIU,0.1
10CA630PDM055,2221,3F,TR,QUKE,0.1
10CA630PDM055,2221,3F,TR,QUCH2,0.1
10CA630PDM055,2221,3F,SL,LONIC,0.1
10CA630PDM055,2221,3F,F,LATHY,0.1
10CA630PDM055,2221,3F,G,ELGL,1
10CA630PDM055,2221,3F,TR,CADE27,1
10CA630PDM055,2221,3F,G,BRCA5,2
10CA630PDM055,2221,3F,TS,PIPO,5
10CA630PDM055,2221,3F,TS,QUKE,10
10CA630PDM055,2221,3F,ST,HEAR5,10
10CA630PDM055,2221,3F,TM,QUKE,15
10CA630PDM055,2221,3F,TS,QUCH2,15
10CA630PDM055,2221,3F,TM,PIPO,15
10CA630PDM055,2221,3F,TM,QUCH2,20
10CA630PDM055,2221,3F,SL,CHFO,20
10CA630PDM055,2221,3F,ST,ARCTO3,25
10CA630PDM055,2221,3F,ST,TODI,25
10CA630PDM080,2213,2G,SM,CECU,0.1
10CA630PDM080,2213,2G,F,HYPE,0.1
10CA630PDM080,2213,2G,SL,CEMO2,0.1
10CA630PDM080,2213,2G,G,ELGL,0.1
10CA630PDM080,2213,2G,TR,PIPO,0.1
10CA630PDM080,2213,2G,TR,QUWI2,0.1
10CA630PDM080,2213,2G,TR,QUKE,0.1
10CA630PDM080,2213,2G,F,GALIU,0.1
10CA630PDM080,2213,2G,TM,PIPO,0.1
10CA630PDM080,2213,2G,F,ALLIU,0.1
10CA630PDM080,2213,2G,SM,FRCAC5,0.1
10CA630PDM080,2213,2G,TS,PIPO,1
10CA630PDM080,2213,2G,SD,SYMPH,1
10CA630PDM080,2213,2G,ST,ARCTO3,1
10CA630PDM080,2213,2G,SL,TODI,3
10CA630PDM080,2213,2G,F,LOTUS,3
10CA630PDM080,2213,2G,TS,QUWI2,25
10CA630PDM080,2213,2G,TS,QUDO,30
10CA630PDM080,2213,2G,SM,HEAR5,30
10CA630PDM080,2213,2G,G,CYEC,40
10CA630PDM080,2213,2G,TS,QUKE,40
2012CA6301001,2224,1,TR,PIPO,0.1
2012CA6301001,2224,1,G,MELIC,0.1
2012CA6301001,2224,1,TR,CADE27,0.1
2012CA6301001,2224,1,F,GALIU,0.1
2012CA6301001,2224,1,SL,CHFO,0.1
2012CA6301001,2224,1,TR,PISA2,1
2012CA6301001,2224,1,G,CYEC,2
2012CA6301001,2224,1,TT,PISA2,2
2012CA6301001,2224,1,TS,QUWI2,5
2012CA6301001,2224,1,TM,QUKE,5
2012CA6301001,2224,1,TR,QUCH2,5
2012CA6301001,2224,1,SL,TODI,10
2012CA6301001,2224,1,ST,ARCTO3,15
2012CA6301001,2224,1,TS,QUCH2,20
2012CA6301001,2224,1,TM,QUCH2,35
2012CA6301001,2224,1,SM,HEAR5,40
2012CA6303051,2221,4F,TM,PIPO,0.1
2012CA6303051,2221,4F,SL,ERICA2,0.1
2012CA6303051,2221,4F,F,GALIU,0.1
2012CA6303051,2221,4F,TR,QUKE,0.1
2012CA6303051,2221,4F,TR,PIPO,0.1
2012CA6303051,2221,4F,TR,QUCH2,1
2012CA6303051,2221,4F,TS,QUKE,1
2012CA6303051,2221,4F,SM,ARVI4,4
2012CA6303051,2221,4F,TS,PIPO,4
2012CA6303051,2221,4F,TS,QUCH2,5
2012CA6303051,2221,4F,SD,CHFO,50
2012CA6304065N,2211,3TU,G,ELGL,0.1
2012CA6304065N,2211,3TU,TR,CADE27,0.1
2012CA6304065N,2211,3TU,F,GATR3,0.1
2012CA6304065N,2211,3TU,TR,QUCH2,0.1
2012CA6304065N,2211,3TU,G,ACHNA,0.1
2012CA6304065N,2211,3TU,TS,QUKE,0.1
2012CA6304065N,2211,3TU,TR,PIPO,0.1
2012CA6304065N,2211,3TU,SM,CEIN3,0.1
2012CA6304065N,2211,3TU,G,CYEC,0.1
2012CA6304065N,2211,3TU,G,CAREX,0.1
2012CA6304065N,2211,3TU,SL,RIRO,1
2012CA6304065N,2211,3TU,G,BRCA5,1
2012CA6304065N,2211,3TU,TS,CADE27,1
2012CA6304065N,2211,3TU,TM,QUCH2,1
2012CA6304065N,2211,3TU,TS,CORNU,2
2012CA6304065N,2211,3TU,TM,PSME,2
2012CA6304065N,2211,3TU,SD,CHFO,2
2012CA6304065N,2211,3TU,TM,ABCO,2
2012CA6304065N,2211,3TU,TT,PIPO,5
2012CA6304065N,2211,3TU,TR,CORNU,5
2012CA6304065N,2211,3TU,TM,QUKE,5
2012CA6304065N,2211,3TU,TM,CADE27,10
2012CA6304065N,2211,3TU,TT,ABCO,10
2012CA6304065N,2211,3TU,TR,ABCO,18
2012CA6304065N,2211,3TU,TT,PILA,20
2012CA6304065N,2211,3TU,F,PTAQ,20
2012CA6304065N,2211,3TU,TT,PSME,25
2015CA6303002,2224,1,F,SANIC,0.1
2015CA6303002,2224,1,SM,ARVI4,0.1
2015CA6303002,2224,1,F,DACA6,0.1
2015CA6303002,2224,1,SM,CEIN3,0.1
2015CA6303002,2224,1,TR,PIPO,0.1
2015CA6303002,2224,1,SM,LONIC,1
2015CA6303002,2224,1,G,BRCA5,1
2015CA6303002,2224,1,TS,PIPO,1
2015CA6303002,2224,1,TS,QUKE,1
2015CA6303002,2224,1,ST,UMCA,1
2015CA6303002,2224,1,SM,CECU,2
2015CA6303002,2224,1,TS,QUWI2,2
2015CA6303002,2224,1,TM,PISA2,2
2015CA6303002,2224,1,TM,PIPO,4
2015CA6303002,2224,1,TR,QUCH2,5
2015CA6303002,2224,1,TT,PISA2,5
2015CA6303002,2224,1,TM,QUKE,5
2015CA6303002,2224,1,TM,QUKE,5
2015CA6303002,2224,1,SM,HEAR5,10
2015CA6303002,2224,1,ST,TODI,10
2015CA6303002,2224,1,TT,PIPO,15
2015CA6303002,2224,1,TS,QUCH2,15
2015CA6303002,2224,1,TM,QUCH2,35
2015CA6303002,2224,1,SL,CHFO,45
2015CA6303010,2221,1,TR,QUKE,0.1
2015CA6303010,2221,1,F,SANIC,0.1
2015CA6303010,2221,1,F,LILIU,0.1
2015CA6303010,2221,1,TR,CADE27,0.1
2015CA6303010,2221,1,TR,ARME,0.1
2015CA6303010,2221,1,TS,QUCH2,1
2015CA6303010,2221,1,TR,QUCH2,1
2015CA6303010,2221,1,SL,RHAMN,1
2015CA6303010,2221,1,TS,ARME,2
2015CA6303010,2221,1,SM,HEAR5,4
2015CA6303010,2221,1,ST,TODI,5
2015CA6303010,2221,1,TS,PILA,5
2015CA6303010,2221,1,TS,CADE27,5
2015CA6303010,2221,1,TS,QUWI2,10
2015CA6303010,2221,1,TS,PIPO,10
2015CA6303010,2221,1,TM,QUKE,15
2015CA6303010,2221,1,TT,PIPO,15
2015CA6303010,2221,1,SM,LONIC,15
2015CA6303010,2221,1,TM,PIPO,20
2015CA6303010,2221,1,TM,CADE27,20
2015CA6303010,2221,1,ST,ARMA,25
2015CA6303010,2221,1,SL,CHFO,30
2015CA6303034,2224,2F,F,APAN2,0.1
2015CA6303034,2224,2F,SL,RHAMN,0.1
2015CA6303034,2224,2F,SL,SYMPH,0.1
2015CA6303034,2224,2F,SL,LONIC,0.1
2015CA6303034,2224,2F,F,GALIU,0.1
2015CA6303034,2224,2F,G,BRCA5,0.1
2015CA6303034,2224,2F,G,ACHNA,0.1
2015CA6303034,2224,2F,G,VULPI,0.1
2015CA6303034,2224,2F,TS,PIPO,1
2015CA6303034,2224,2F,F,CALOC,1
2015CA6303034,2224,2F,ST,CECU,1
2015CA6303034,2224,2F,TR,QUWI2,2
2015CA6303034,2224,2F,SM,TODI,3
2015CA6303034,2224,2F,SL,HEAR5,4
2015CA6303034,2224,2F,TM,PIPO,5
2015CA6303034,2224,2F,SM,ARMA,25
2015CA6303034,2224,2F,TS,QUWI2,40
2015CA6303040,2221,2TO,F,SANIC,0.1
2015CA6303040,2221,2TO,F,GALIU,0.1
2015CA6303040,2221,2TO,TR,QUKE,0.1
2015CA6303040,2221,2TO,F,IRIS,0.1
2015CA6303040,2221,2TO,TS,QUKE,0.1
2015CA6303040,2221,2TO,TR,ARME,0.1
2015CA6303040,2221,2TO,TR,PIPO,0.1
2015CA6303040,2221,2TO,TR,PILA,0.1
2015CA6303040,2221,2TO,TT,PILA,0.1
2015CA6303040,2221,2TO,TR,PSME,0.1
2015CA6303040,2221,2TO,F,GECA4,0.1
2015CA6303040,2221,2TO,TM,PIPO,2
2015CA6303040,2221,2TO,TT,PSME,2
2015CA6303040,2221,2TO,F,CALOC,2
2015CA6303040,2221,2TO,TR,QUCH2,2
2015CA6303040,2221,2TO,ST,ARMA,4
2015CA6303040,2221,2TO,TR,CADE27,5
2015CA6303040,2221,2TO,TT,CADE27,5
2015CA6303040,2221,2TO,TS,CADE27,5
2015CA6303040,2221,2TO,TS,QUCH2,10
2015CA6303040,2221,2TO,SM,LONIC,10
2015CA6303040,2221,2TO,TM,QUCH2,15
2015CA6303040,2221,2TO,TM,CADE27,22
2015CA6303040,2221,2TO,SL,CHFO,35
2015CA6303040,2221,2TO,TT,PIPO,40
2015CA6303048,2221,3F,TR,PIPO,0.1
2015CA6303048,2221,3F,TT,PIPO,0.1
2015CA6303048,2221,3F,SM,ARMA,1
2015CA6303048,2221,3F,TM,CADE27,1
2015CA6303048,2221,3F,TR,QUKE,2
2015CA6303048,2221,3F,F,APAN2,2
2015CA6303048,2221,3F,TM,PIPO,5
2015CA6303048,2221,3F,TS,PIPO,5
2015CA6303048,2221,3F,TR,QUCH2,5
2015CA6303048,2221,3F,TM,QUKE,10
2015CA6303048,2221,3F,SD,CHFO,10
2015CA6303048,2221,3F,TR,CADE27,10
2015CA6303048,2221,3F,TS,CADE27,15
2015CA6303048,2221,3F,TS,QUKE,20
2015CA6303049,2221,2F,F,APAN2,0.1
2015CA6303049,2221,2F,TT,PIPO,1
2015CA6303049,2221,2F,TM,QUKE,1
2015CA6303049,2221,2F,TR,PILA,1
2015CA6303049,2221,2F,TR,QUKE,1
2015CA6303049,2221,2F,TM,CADE27,1
2015CA6303049,2221,2F,TS,QUCH2,1
2015CA6303049,2221,2F,TS,PIPO,1
2015CA6303049,2221,2F,TR,PIPO,2
2015CA6303049,2221,2F,TM,PIPO,2
2015CA6303049,2221,2F,TR,QUCH2,3
2015CA6303049,2221,2F,SL,ARMA,5
2015CA6303049,2221,2F,TR,CADE27,10
2015CA6303049,2221,2F,TS,CADE27,15
2015CA6303049,2221,2F,TS,QUKE,20
2015CA6303049,2221,2F,SD,CHFO,36
2015CA6303050,2221,4F,TR,PIPO,0.1
2015CA6303050,2221,4F,TR,PILA,0.1
2015CA6303050,2221,4F,TT,PIPO,1
2015CA6303050,2221,4F,TM,PIPO,2
2015CA6303050,2221,4F,TT,PILA,3
2015CA6303050,2221,4F,TM,QUCH2,5
2015CA6303050,2221,4F,TR,QUKE,5
2015CA6303050,2221,4F,TR,QUCH2,10
2015CA6303050,2221,4F,ST,ARVI4,21
2015CA6303050,2221,4F,TS,QUKE,25
2015CA6303050,2221,4F,TS,QUCH2,25
2015CA6303050,2221,4F,SL,CHFO,30
R07CA630DWB005,2224,3F,TR,PISA2,0.1
R07CA630DWB005,2224,3F,SM,TODI,0.1
R07CA630DWB005,2224,3F,F,GALIU,0.1
R07CA630DWB005,2224,3F,TR,QUCH2,1
R07CA630DWB005,2224,3F,G,AICA,1
R07CA630DWB005,2224,3F,SD,ERCA6,1
R07CA630DWB005,2224,3F,G,ELGL,1
R07CA630DWB005,2224,3F,SL,CHFO,1
R07CA630DWB005,2224,3F,G,ELEL5,1
R07CA630DWB005,2224,3F,G,GAPH2,1
R07CA630DWB005,2224,3F,TS,PISA2,1
R07CA630DWB005,2224,3F,TR,QUWI2,2
R07CA630DWB005,2224,3F,SM,CEMO2,3
R07CA630DWB005,2224,3F,TS,QUWI2,5
R07CA630DWB005,2224,3F,TS,QUKE,5
R07CA630DWB005,2224,3F,TM,PISA2,5
R07CA630DWB005,2224,3F,SM,ADFA,5
R07CA630DWB005,2224,3F,TS,QUCH2,10
R07CA630DWB005,2224,3F,SM,HEAR5,12
R07CA630DWB005,2224,3F,SM,ARCTO3,25
R09CA630BAH004,2214,3B,SM,ERCA6,0.1
R09CA630BAH004,2214,3B,F,GALIU,0.1
R09CA630BAH004,2214,3B,G,ELEL5,0.1
R09CA630BAH004,2214,3B,SM,HEAR5,0.1
R09CA630BAH004,2214,3B,TR,QUKE,0.1
R09CA630BAH004,2214,3B,G,MELIC,0.1
R09CA630BAH004,2214,3B,F,ACMI2,0.1
R09CA630BAH004,2214,3B,G,AVFA,0.1
R09CA630BAH004,2214,3B,TR,PILA,0.1
R09CA630BAH004,2214,3B,SD,ARCTO3,0.1
R09CA630BAH004,2214,3B,SL,RHAMN,0.1
R09CA630BAH004,2214,3B,F,CRSE11,1
R09CA630BAH004,2214,3B,TR,PIPO,1
R09CA630BAH004,2214,3B,SL,TODI,2
R09CA630BAH004,2214,3B,TM,PILA,2
R09CA630BAH004,2214,3B,TT,PIPO,5
R09CA630BAH004,2214,3B,G,VUMY,5
R09CA630BAH004,2214,3B,TS,QUCH2,5
R09CA630BAH004,2214,3B,TS,PIPO,5
R09CA630BAH004,2214,3B,TM,QUKE,10
R09CA630BAH004,2214,3B,G,AICA,10
R09CA630BAH004,2214,3B,TR,QUWI2,10
R09CA630BAH004,2214,3B,TM,PIPO,15
R09CA630BJM035,2214,4TU,TS,PILA,0.1
R09CA630BJM035,2214,4TU,TS,PISA2,0.1
R09CA630BJM035,2214,4TU,TR,PIPO,0.1
R09CA630BJM035,2214,4TU,TS,PIPO,0.1
R09CA630BJM035,2214,4TU,TR,PILA,0.1
R09CA630BJM035,2214,4TU,TM,PILA,1
R09CA630BJM035,2214,4TU,TT,PILA,1
R09CA630BJM035,2214,4TU,TM,PIPO,1
R09CA630BJM035,2214,4TU,TR,QUCH2,5
R09CA630BJM035,2214,4TU,TS,QUCH2,10
R09CA630BJM035,2214,4TU,SM,ARCTO3,75
R09CA630BJM052,2214,1,G,BRCA5,0.1
R09CA630BJM052,2214,1,TR,PIPO,0.1
R09CA630BJM052,2214,1,G,BRDI3,0.1
R09CA630BJM052,2214,1,SM,AMUT,0.1
R09CA630BJM052,2214,1,SD,ARCTO3,0.1
R09CA630BJM052,2214,1,F,GALIU,0.1
R09CA630BJM052,2214,1,G,CYEC,0.1
R09CA630BJM052,2214,1,TS,QUKE,0.1
R09CA630BJM052,2214,1,TR,PILA,0.1
R09CA630BJM052,2214,1,SD,RINE,0.1
R09CA630BJM052,2214,1,F,LATHY,0.1
R09CA630BJM052,2214,1,TT,CADE27,1
R09CA630BJM052,2214,1,TR,CADE27,1
R09CA630BJM052,2214,1,F,HIAL2,1
R09CA630BJM052,2214,1,SD,RUBUS,2
R09CA630BJM052,2214,1,TS,PILA,2
R09CA630BJM052,2214,1,TR,QUKE,2
R09CA630BJM052,2214,1,G,ELGL,2
R09CA630BJM052,2214,1,TM,QUCH2,4
R09CA630BJM052,2214,1,SM,TODI,4
R09CA630BJM052,2214,1,TM,PILA,5
R09CA630BJM052,2214,1,TM,PIPO,5
R09CA630BJM052,2214,1,TS,CADE27,5
R09CA630BJM052,2214,1,TS,PIPO,5
R09CA630BJM052,2214,1,TM,QUKE,10
R09CA630BJM052,2214,1,SD,CEIN3,10
R09CA630BJM052,2214,1,TM,CADE27,15
R09CA630BJM052,2214,1,TS,QUCH2,15
R09CA630BJM052,2214,1,TR,QUCH2,25
R09CA630BJM052,2214,1,TT,PILA,25
R09CA630CKS040,2211,1,G,ELGL,0.1
R09CA630CKS040,2211,1,TR,CADE27,0.1
R09CA630CKS040,2211,1,TR,QUKE,0.1
R09CA630CKS040,2211,1,TR,CONU4,0.1
R09CA630CKS040,2211,1,F,SANIC,0.1
R09CA630CKS040,2211,1,SD,ROWO,0.1
R09CA630CKS040,2211,1,TR,ARME,0.1
R09CA630CKS040,2211,1,SD,LONIC,1
R09CA630CKS040,2211,1,TR,PSME,1
R09CA630CKS040,2211,1,F,PTAQ,1
R09CA630CKS040,2211,1,G,BRCA5,2
R09CA630CKS040,2211,1,TS,CADE27,2
R09CA630CKS040,2211,1,SL,CEIN3,3
R09CA630CKS040,2211,1,TM,PSME,5
R09CA630CKS040,2211,1,SL,SPSPS,15
R09CA630CKS040,2211,1,TT,QUKE,25
R09CA630CKS040,2211,1,SL,TODI,50
R09CA630CKS040,2211,1,TT,PSME,55
R09CA630CKS043,2213,3TO,SD,LONIC,0.1
R09CA630CKS043,2213,3TO,TR,PSME,0.1
R09CA630CKS043,2213,3TO,SD,TODI,0.1
R09CA630CKS043,2213,3TO,SD,SYMPH,0.1
R09CA630CKS043,2213,3TO,F,SANIC,0.1
R09CA630CKS043,2213,3TO,F,SILEN,0.1
R09CA630CKS043,2213,3TO,SL,RIRO,0.1
R09CA630CKS043,2213,3TO,TR,PILA,0.1
R09CA630CKS043,2213,3TO,G,AICA,0.1
R09CA630CKS043,2213,3TO,TR,QUKE,1
R09CA630CKS043,2213,3TO,G,BRCA5,1
R09CA630CKS043,2213,3TO,TS,QUKE,2
R09CA630CKS043,2213,3TO,SM,CECU,2
R09CA630CKS043,2213,3TO,G,CYEC,2
R09CA630CKS043,2213,3TO,TM,QUKE,3
R09CA630CKS043,2213,3TO,G,ELGL,3
R09CA630CKS043,2213,3TO,TR,PIPO,5
R09CA630CKS043,2213,3TO,SL,ARCTO3,7
R09CA630CKS043,2213,3TO,TS,PIPO,7
R09CA630CKS043,2213,3TO,TS,QUCH2,10
R09CA630CKS043,2213,3TO,TT,PIPO,12
R09CA630CKS043,2213,3TO,TR,QUCH2,15
R09CA630CKS043,2213,3TO,TM,PIPO,40
R09CA630CKS043,2213,3TO,SD,CHFO,60
R09CA630CKS049,2224,1,TR,PIPO,0.1
R09CA630CKS049,2224,1,G,CYEC,0.1
R09CA630CKS049,2224,1,F,HIAL2,0.1
R09CA630CKS049,2224,1,F,GALIU,0.1
R09CA630CKS049,2224,1,TR,PILA,0.1
R09CA630CKS049,2224,1,TR,QUKE,1
R09CA630CKS049,2224,1,SM,HEAR5,1
R09CA630CKS049,2224,1,G,ELGL,1
R09CA630CKS049,2224,1,F,SANIC,1
R09CA630CKS049,2224,1,TR,CADE27,1
R09CA630CKS049,2224,1,TM,PILA,2
R09CA630CKS049,2224,1,SM,ARCTO3,3
R09CA630CKS049,2224,1,G,AICA,5
R09CA630CKS049,2224,1,TM,CADE27,6
R09CA630CKS049,2224,1,TR,QUCH2,7
R09CA630CKS049,2224,1,TT,PIPO,10
R09CA630CKS049,2224,1,TM,QUCH2,15
R09CA630CKS049,2224,1,TM,QUKE,15
R09CA630CKS049,2224,1,SL,TODI,20
R09CA630CKS049,2224,1,TS,QUCH2,25
R09CA630CKS049,2224,1,SD,CHFO,55
R09CA630SMM006,2211,2F,G,BRCA5,0.1
R09CA630SMM006,2211,2F,TR,QUKE,0.1
R09CA630SMM006,2211,2F,TR,PILA,0.1
R09CA630SMM006,2211,2F,G,AICA,0.1
R09CA630SMM006,2211,2F,F,PYPI2,0.1
R09CA630SMM006,2211,2F,TR,QUCH2,0.1
R09CA630SMM006,2211,2F,TR,ALNUS,1
R09CA630SMM006,2211,2F,TR,ACMA3,1
R09CA630SMM006,2211,2F,SD,TODI,1
R09CA630SMM006,2211,2F,TT,PILA,1
R09CA630SMM006,2211,2F,TS,ACMA3,3
R09CA630SMM006,2211,2F,F,ADBI,3
R09CA630SMM006,2211,2F,TM,CADE27,3
R09CA630SMM006,2211,2F,TT,PIPO,5
R09CA630SMM006,2211,2F,TR,CADE27,5
R09CA630SMM006,2211,2F,TR,PSME,10
R09CA630SMM006,2211,2F,TM,PSME,25
R09CA630SMM006,2211,2F,TS,PSME,30
R09CA630SMM006,2211,2F,TT,PSME,60
R09CA630SMM009,2213,3TO,F,TRLA4,0.1
R09CA630SMM009,2213,3TO,F,CIVU,0.1
R09CA630SMM009,2213,3TO,G,CONU4,0.1
R09CA630SMM009,2213,3TO,G,GAPH2,0.1
R09CA630SMM009,2213,3TO,TR,PIPO,1
R09CA630SMM009,2213,3TO,TR,CADE27,1
R09CA630SMM009,2213,3TO,F,HIAL2,1
R09CA630SMM009,2213,3TO,TR,QUKE,2
R09CA630SMM009,2213,3TO,SD,TODI,2
R09CA630SMM009,2213,3TO,G,BRDI2,3
R09CA630SMM009,2213,3TO,F,SILEN,3
R09CA630SMM009,2213,3TO,G,ELGL,3
R09CA630SMM009,2213,3TO,TS,QUKE,5
R09CA630SMM009,2213,3TO,TM,QUKE,5
R09CA630SMM009,2213,3TO,G,BRRU2,5
R09CA630SMM009,2213,3TO,F,RANUN,7
R09CA630SMM009,2213,3TO,G,BRHO2,10
R09CA630SMM009,2213,3TO,G,BRDI3,10
R09CA630SMM009,2213,3TO,G,BRCA5,10
R09CA630SMM009,2213,3TO,SL,ARCTO3,10
R09CA630SMM009,2213,3TO,TS,PIPO,10
R09CA630SMM009,2213,3TO,G,AICA,15
R09CA630SMM009,2213,3TO,TM,PIPO,20
R09CA630SMM009,2213,3TO,G,VUMY,25
R09CA630SMM009,2213,3TO,SD,CHFO,50
R09CA630SMM014,2221,4TO,SD,LONIC,0.1
R09CA630SMM014,2221,4TO,G,BRCA5,0.1
R09CA630SMM014,2221,4TO,G,GAPH2,0.1
R09CA630SMM014,2221,4TO,TR,QUCH2,0.1
R09CA630SMM014,2221,4TO,TR,PILA,0.1
R09CA630SMM014,2221,4TO,F,SILEN,0.1
R09CA630SMM014,2221,4TO,F,CLARK,1
R09CA630SMM014,2221,4TO,G,ELEL5,1
R09CA630SMM014,2221,4TO,G,CYEC,1
R09CA630SMM014,2221,4TO,TR,QUKE,2
R09CA630SMM014,2221,4TO,TS,PILA,3
R09CA630SMM014,2221,4TO,TM,QUKE,5
R09CA630SMM014,2221,4TO,TR,PIPO,5
R09CA630SMM014,2221,4TO,TM,PIPO,5
R09CA630SMM014,2221,4TO,TM,PILA,5
R09CA630SMM014,2221,4TO,G,VUMIP,5
R09CA630SMM014,2221,4TO,F,HIAL2,5
R09CA630SMM014,2221,4TO,G,VUMY,5
R09CA630SMM014,2221,4TO,SD,ARCTO3,7
R09CA630SMM014,2221,4TO,SD,CHFO,10
R09CA630SMM014,2221,4TO,TS,PIPO,10
S09CA630SMM017,2213,3TU,F,SILE2,0.1
S09CA630SMM017,2213,3TU,TR,QUCH2,0.1
S09CA630SMM017,2213,3TU,SD,ROWO,0.1
S09CA630SMM017,2213,3TU,G,BRCA5,0.1
S09CA630SMM017,2213,3TU,SD,LONIC,0.1
S09CA630SMM017,2213,3TU,F,HIAL2,0.1
S09CA630SMM017,2213,3TU,F,PYPI2,0.1
S09CA630SMM017,2213,3TU,TR,QUKE,1
S09CA630SMM017,2213,3TU,G,ELGL,1
S09CA630SMM017,2213,3TU,TR,PIPO,1
S09CA630SMM017,2213,3TU,TR,PILA,3
S09CA630SMM017,2213,3TU,TM,CADE27,3
S09CA630SMM017,2213,3TU,TM,QUKE,3
S09CA630SMM017,2213,3TU,TM,PILA,3
S09CA630SMM017,2213,3TU,TS,PILA,5
S09CA630SMM017,2213,3TU,TS,CADE27,5
S09CA630SMM017,2213,3TU,TR,PSME,5
S09CA630SMM017,2213,3TU,SL,ARCTO3,7
S09CA630SMM017,2213,3TU,TS,PSME,10
S09CA630SMM017,2213,3TU,TR,CADE27,10
S09CA630SMM017,2213,3TU,TT,PILA,10
S09CA630SMM017,2213,3TU,TS,PIPO,10
S09CA630SMM017,2213,3TU,TM,PSME,15
S09CA630SMM017,2213,3TU,TT,PIPO,15
S09CA630SMM017,2213,3TU,TM,PIPO,20
S09CA630SMM017,2213,3TU,TT,PSME,20
S09CA630SMM017,2213,3TU,SD,CHFO,20
S09CA630SMM021,2213,3TO,TR,PILA,0.1
S09CA630SMM021,2213,3TO,G,BRCA5,0.1
S09CA630SMM021,2213,3TO,G,VUMIP,0.1
S09CA630SMM021,2213,3TO,TR,QUKE,0.1
S09CA630SMM021,2213,3TO,SD,LONIC,0.1
S09CA630SMM021,2213,3TO,F,SILEN,0.1
S09CA630SMM021,2213,3TO,TR,PIPO,1
S09CA630SMM021,2213,3TO,TR,CADE27,1
S09CA630SMM021,2213,3TO,TS,CADE27,2
S09CA630SMM021,2213,3TO,TM,PILA,3
S09CA630SMM021,2213,3TO,TT,PILA,10
S09CA630SMM021,2213,3TO,TT,PIPO,15
S09CA630SMM021,2213,3TO,SL,ARCTO3,15
S09CA630SMM021,2213,3TO,TS,PIPO,20
S09CA630SMM021,2213,3TO,TM,PIPO,25
S09CA630SMM021,2213,3TO,SD,CHFO,85
S09CA630SMM023,2213,2TU,G,JUEF,0.1
S09CA630SMM023,2213,2TU,G,CYEC,0.1
S09CA630SMM023,2213,2TU,G,ELGL,0.1
S09CA630SMM023,2213,2TU,SD,RIRO,0.1
S09CA630SMM023,2213,2TU,F,PYPI2,0.1
S09CA630SMM023,2213,2TU,F,HIAL2,0.1
S09CA630SMM023,2213,2TU,G,BRDI3,0.1
S09CA630SMM023,2213,2TU,SL,ARCTO3,0.1
S09CA630SMM023,2213,2TU,TR,QUKE,1
S09CA630SMM023,2213,2TU,G,BRCA5,1
S09CA630SMM023,2213,2TU,TR,PILA,1
S09CA630SMM023,2213,2TU,TS,PIPO,1
S09CA630SMM023,2213,2TU,SL,CHFO,2
S09CA630SMM023,2213,2TU,F,GALIU,2
S09CA630SMM023,2213,2TU,TR,QUCH2,5
S09CA630SMM023,2213,2TU,TM,QUKE,5
S09CA630SMM023,2213,2TU,TM,PIPO,5
S09CA630SMM023,2213,2TU,TR,CADE27,7
S09CA630SMM023,2213,2TU,TR,PIPO,7
S09CA630SMM023,2213,2TU,TS,CADE27,7
S09CA630SMM023,2213,2TU,TT,PIPO,20
S09CA630SMM023,2213,2TU,TM,CADE27,20
S09CA630SMM023,2213,2TU,TT,CADE27,30
S09CA630SMM024,2213,3TU,F,PYPI2,0.1
S09CA630SMM024,2213,3TU,G,JUEF,0.1
S09CA630SMM024,2213,3TU,G,BRDI2,0.1
S09CA630SMM024,2213,3TU,F,LATHY,0.1
S09CA630SMM024,2213,3TU,TR,PILA,0.1
S09CA630SMM024,2213,3TU,G,BRCA5,1
S09CA630SMM024,2213,3TU,SD,RIRO,1
S09CA630SMM024,2213,3TU,SM,CEIN3,1
S09CA630SMM024,2213,3TU,TR,PIPO,2
S09CA630SMM024,2213,3TU,TR,CADE27,2
S09CA630SMM024,2213,3TU,TR,ACMA3,2
S09CA630SMM024,2213,3TU,TR,PSME,3
S09CA630SMM024,2213,3TU,TR,QUKE,3
S09CA630SMM024,2213,3TU,TM,PILA,5
S09CA630SMM024,2213,3TU,SL,CHFO,5
S09CA630SMM024,2213,3TU,TT,CADE27,5
S09CA630SMM024,2213,3TU,TS,PSME,7
S09CA630SMM024,2213,3TU,TS,CADE27,7
S09CA630SMM024,2213,3TU,TT,PIPO,7
S09CA630SMM024,2213,3TU,SM,CONU4,10
S09CA630SMM024,2213,3TU,TM,PSME,15
S09CA630SMM024,2213,3TU,TM,QUKE,15
S09CA630SMM024,2213,3TU,TM,PIPO,15
S09CA630SMM024,2213,3TU,TM,CADE27,20
